Workbook

Sheet JUMDUK
D1: JUMLAH PENDUDUK KOTA BEKASI (LAKI-LAKI & PEREMPUAN) SEMESTER 1 TAHUN 2026
B4: NOKEC | C4: NO_KEL | D4: NAMA_KEC | E4: NAMA_KEL | F4: LAKI-LAKI | G4: PEREMPUAN | H4: JUMLAH | I4: RASIO JK | R4: NO | S4: KECAMATAN | T4: PENDUDUK (LK) | U4: PENDUDUK (PR) | V4: PENDUDUK (JML) | W4: KODE | X4: WILAYAH | Y4: L | Z4: P | AA4: JML
B5: 1 | C5: 1001 | E5: BEKASIJAYA | F5: 32963 | G5: 33420 | H5: 66383 | I5: =F5/G5 -> 0.98632555 | R5: 1 | S5: BEKASI TIMUR | T5: 136428 | U5: 137275 | V5: 273703 | W5: 32.75 | X5: KOTA BEKASI | Y5: 1285093 | Z5: 1287116 | AA5: 2572209
B6: 1 | C6: 1002 | E6: MARGAHAYU | F6: 33420 | G6: 33339 | H6: 66759 | I6: =F6/G6 -> 1.0024296 | R6: 1 | S6: BEKASIJAYA | T6: 32732 | U6: 32903 | V6: 65635 | W6: 32.75.01 | X6: BEKASI TIMUR | Y6: 137171 | Z6: 138360 | AA6: 275531
B7: 1 | C7: 1003 | E7: DURENJAYA | F7: 37922 | G7: 38596 | H7: 76518 | I7: =F7/G7 -> 0.98253705 | R7: 2 | S7: MARGAHAYU | T7: 33440 | U7: 33087 | V7: 66527 | W7: 32.75.01.1001 | X7: BEKASIJAYA | Y7: 32896 | Z7: 33235 | AA7: 66131
B8: 1 | C8: 1004 | E8: ARENJAYA | F8: 32965 | G8: 33686 | H8: 66651 | I8: =F8/G8 -> 0.97859645 | R8: 3 | S8: DURENJAYA | T8: 37440 | U8: 37919 | V8: 75359 | W8: 32.75.01.1002 | X8: MARGAHAYU | Y8: 33513 | Z8: 33311 | AA8: 66824
D9: BEKASI TIMUR | F9: =SUM(F5:F8) -> 137270 | G9: =SUM(G5:G8) -> 139041 | H9: =SUM(H5:H8) -> 276311 | R9: 4 | S9: ARENJAYA | T9: 32816 | U9: 33366 | V9: 66182 | W9: 32.75.01.1003 | X9: DURENJAYA | Y9: 37780 | Z9: 38272 | AA9: 76052
B10: 2 | C10: 1001 | E10: BINTARA | F10: 32830 | G10: 32686 | H10: 65516 | I10: =F10/G10 -> 1.0044056 | S10: TOTAL | T10: 136428 | U10: 137275 | V10: 273703 | W10: 32.75.01.1004 | X10: ARENJAYA | Y10: 32982 | Z10: 33542 | AA10: 66524
B11: 2 | C11: 1002 | E11: KRANJI | F11: 24910 | G11: 25009 | H11: 49919 | I11: =F11/G11 -> 0.99604143 | R11: 2 | S11: BEKASI BARAT | T11: 133054 | U11: 133233 | V11: 266287 | W11: 32.75.02 | X11: BEKASI BARAT | Y11: 135594 | Z11: 136038 | AA11: 271632
B12: 2 | C12: 1003 | E12: KOTABARU | F12: 22735 | G12: 22787 | H12: 45522 | I12: =F12/G12 -> 0.997718 | R12: 1 | S12: BINTARA | T12: 31585 | U12: 31390 | V12: 62975 | W12: 32.75.02.1001 | X12: BINTARA | Y12: 32665 | Z12: 32503 | AA12: 65168
B13: 2 | C13: 1004 | E13: BINTARAJAYA | F13: 17719 | G13: 17947 | H13: 35666 | I13: =F13/G13 -> 0.98729593 | R13: 2 | S13: KRANJI | T13: 24799 | U13: 24811 | V13: 49610 | W13: 32.75.02.1002 | X13: KRANJI | Y13: 24992 | Z13: 24997 | AA13: 49989
B14: 2 | C14: 1005 | E14: JAKASAMPURNA | F14: 37635 | G14: 37998 | H14: 75633 | I14: =F14/G14 -> 0.99044687 | R14: 3 | S14: KOTABARU | T14: 22469 | U14: 22394 | V14: 44863 | W14: 32.75.02.1003 | X14: KOTABARU | Y14: 22744 | Z14: 22805 | AA14: 45549
D15: BEKASI BARAT | F15: =SUM(F10:F14) -> 135829 | G15: =SUM(G10:G14) -> 136427 | H15: =SUM(H10:H14) -> 272256 | R15: 4 | S15: BINTARAJAYA | T15: 16991 | U15: 17168 | V15: 34159 | W15: 32.75.02.1004 | X15: BINTARAJAYA | Y15: 17617 | Z15: 17838 | AA15: 35455
B16: 3 | C16: 1001 | E16: KALIABANG TENGAH | F16: 48995 | G16: 48549 | H16: 97544 | I16: =F16/G16 -> 1.0091866 | R16: 5 | S16: JAKASAMPURNA | T16: 37210 | U16: 37470 | V16: 74680 | W16: 32.75.02.1005 | X16: JAKASAMPURNA | Y16: 37576 | Z16: 37895 | AA16: 75471
B17: 3 | C17: 1002 | E17: PERWIRA | F17: 20434 | G17: 20374 | H17: 40808 | I17: =F17/G17 -> 1.0029449 | S17: TOTAL | T17: 133054 | U17: 133233 | V17: 266287 | W17: 32.75.03 | X17: BEKASI UTARA | Y17: 172822 | Z17: 172018 | AA17: 344840
B18: 3 | C18: 1003 | E18: HARAPANBARU | F18: 14683 | G18: 14408 | H18: 29091 | I18: =F18/G18 -> 1.0190866 | R18: 3 | S18: BEKASI UTARA | T18: 169528 | U18: 168559 | V18: 338087 | W18: 32.75.03.1001 | X18: KALIABANG TENGAH | Y18: 48513 | Z18: 47989 | AA18: 96502
B19: 3 | C19: 1004 | E19: TELUK PUCUNG | F19: 36049 | G19: 35786 | H19: 71835 | I19: =F19/G19 -> 1.0073492 | R19: 1 | S19: KALIABANG TENGAH | T19: 47453 | U19: 46930 | V19: 94383 | W19: 32.75.03.1002 | X19: PERWIRA | Y19: 20165 | Z19: 19991 | AA19: 40156
B20: 3 | C20: 1005 | E20: MARGAMULYA | F20: 12596 | G20: 12447 | H20: 25043 | I20: =F20/G20 -> 1.0119708 | R20: 2 | S20: PERWIRA | T20: 19679 | U20: 19470 | V20: 39149 | W20: 32.75.03.1003 | X20: HARAPANBARU | Y20: 14251 | Z20: 13980 | AA20: 28231
B21: 3 | C21: 1006 | E21: HARAPANJAYA | F21: 41756 | G21: 42545 | H21: 84301 | I21: =F21/G21 -> 0.98145493 | R21: 3 | S21: HARAPANBARU | T21: 13731 | U21: 13504 | V21: 27235 | W21: 32.75.03.1004 | X21: TELUK PUCUNG | Y21: 35745 | Z21: 35478 | AA21: 71223
D22: BEKASI UTARA | F22: =SUM(F16:F21) -> 174513 | G22: =SUM(G16:G21) -> 174109 | H22: =SUM(H16:H21) -> 348622 | R22: 4 | S22: TELUK PUCUNG | T22: 35142 | U22: 34840 | V22: 69982 | W22: 32.75.03.1005 | X22: MARGAMULYA | Y22: 12421 | Z22: 12208 | AA22: 24629
B23: 4 | C23: 1001 | E23: PEKAYONJAYA | F23: 29952 | G23: 30980 | H23: 60932 | I23: =F23/G23 -> 0.9668173 | R23: 5 | S23: MARGAMULYA | T23: 12219 | U23: 11989 | V23: 24208 | W23: 32.75.03.1006 | X23: HARAPANJAYA | Y23: 41727 | Z23: 42372 | AA23: 84099
B24: 4 | C24: 1002 | E24: MARGAJAYA | F24: 8789 | G24: 8865 | H24: 17654 | I24: =F24/G24 -> 0.99142696 | R24: 6 | S24: HARAPANJAYA | T24: 41304 | U24: 41826 | V24: 83130 | W24: 32.75.04 | X24: BEKASI SELATAN | Y24: 107699 | Z24: 110371 | AA24: 218070
B25: 4 | C25: 1003 | E25: JAKAMULYA | F25: 18851 | G25: 19069 | H25: 37920 | I25: =F25/G25 -> 0.98856783 | S25: TOTAL | T25: 169528 | U25: 168559 | V25: 338087 | W25: 32.75.04.1001 | X25: PEKAYONJAYA | Y25: 29517 | Z25: 30572 | AA25: 60089
B26: 4 | C26: 1004 | E26: JAKASETIA | F26: 22265 | G26: 22970 | H26: 45235 | I26: =F26/G26 -> 0.96930779 | R26: 4 | S26: BEKASI SELATAN | T26: 106105 | U26: 108388 | V26: 214493 | W26: 32.75.04.1002 | X26: MARGAJAYA | Y26: 8719 | Z26: 8825 | AA26: 17544
B27: 4 | C27: 1005 | E27: KAYURINGINJAYA | F27: 29054 | G27: 29749 | H27: 58803 | I27: =F27/G27 -> 0.97663787 | R27: 1 | S27: PEKAYONJAYA | T27: 29028 | U27: 29870 | V27: 58898 | W27: 32.75.04.1003 | X27: JAKAMULYA | Y27: 18606 | Z27: 18802 | AA27: 37408
D28: BEKASI SELATAN | F28: =SUM(F23:F27) -> 108911 | G28: =SUM(G23:G27) -> 111633 | H28: =SUM(H23:H27) -> 220544 | R28: 2 | S28: MARGAJAYA | T28: 8729 | U28: 8803 | V28: 17532 | W28: 32.75.04.1004 | X28: JAKASETIA | Y28: 21909 | Z28: 22502 | AA28: 44411
B29: 5 | C29: 1001 | E29: BOJONG RAWALUMBU | F29: 40544 | G29: 40398 | H29: 80942 | I29: =F29/G29 -> 1.003614 | R29: 3 | S29: JAKAMULYA | T29: 18138 | U29: 18352 | V29: 36490 | W29: 32.75.04.1005 | X29: KAYURINGINJAYA | Y29: 28948 | Z29: 29670 | AA29: 58618
B30: 5 | C30: 1002 | E30: PENGASINAN | F30: 31507 | G30: 32114 | H30: 63621 | I30: =F30/G30 -> 0.98109859 | R30: 4 | S30: JAKASETIA | T30: 21487 | U30: 22030 | V30: 43517 | W30: 32.75.05 | X30: RAWALUMBU | Y30: 112819 | Z30: 112763 | AA30: 225582
B31: 5 | C31: 1003 | E31: SEPANJANGJAYA | F31: 18823 | G31: 18928 | H31: 37751 | I31: =F31/G31 -> 0.99445266 | R31: 5 | S31: KAYURINGINJAYA | T31: 28723 | U31: 29333 | V31: 58056 | W31: 32.75.05.1001 | X31: BOJONG RAWALUMBU | Y31: 40153 | Z31: 39778 | AA31: 79931
B32: 5 | C32: 1004 | E32: BOJONGMENTENG | F32: 22887 | G32: 22746 | H32: 45633 | I32: =F32/G32 -> 1.0061989 | S32: TOTAL | T32: 106105 | U32: 108388 | V32: 214493 | W32: 32.75.05.1002 | X32: PENGASINAN | Y32: 31335 | Z32: 31754 | AA32: 63089
D33: RAWALUMBU | F33: =SUM(F29:F32) -> 113761 | G33: =SUM(G29:G32) -> 114186 | H33: =SUM(H29:H32) -> 227947 | R33: 5 | S33: RAWALUMBU | T33: 111408 | U33: 110990 | V33: 222398 | W33: 32.75.05.1003 | X33: SEPANJANGJAYA | Y33: 18613 | Z33: 18737 | AA33: 37350
B34: 6 | C34: 1001 | E34: MEDANSATRIA | F34: 14409 | G34: 13945 | H34: 28354 | I34: =F34/G34 -> 1.0332736 | R34: 1 | S34: BOJONG RAWALUMBU | T34: 39766 | U34: 39149 | V34: 78915 | W34: 32.75.05.1004 | X34: BOJONGMENTENG | Y34: 22718 | Z34: 22494 | AA34: 45212
B35: 6 | C35: 1002 | E35: HARAPANMULYA | F35: 12844 | G35: 12534 | H35: 25378 | I35: =F35/G35 -> 1.0247327 | R35: 2 | S35: PENGASINAN | T35: 30869 | U35: 31179 | V35: 62048 | W35: 32.75.06 | X35: MEDANSATRIA | Y35: 81210 | Z35: 80156 | AA35: 161366
B36: 6 | C36: 1003 | E36: PEJUANG | F36: 38758 | G36: 39099 | H36: 77857 | I36: =F36/G36 -> 0.99127855 | R36: 3 | S36: SEPANJANGJAYA | T36: 18351 | U36: 18474 | V36: 36825 | W36: 32.75.06.1001 | X36: MEDANSATRIA | Y36: 14393 | Z36: 13913 | AA36: 28306
B37: 6 | C37: 1004 | E37: KALIBARU | F37: 15731 | G37: 15318 | H37: 31049 | I37: =F37/G37 -> 1.0269617 | R37: 4 | S37: BOJONGMENTENG | T37: 22422 | U37: 22188 | V37: 44610 | W37: 32.75.06.1002 | X37: HARAPANMULYA | Y37: 12679 | Z37: 12287 | AA37: 24966
D38: MEDAN SATRIA | F38: =SUM(F34:F37) -> 81742 | G38: =SUM(G34:G37) -> 80896 | H38: =SUM(H34:H37) -> 162638 | S38: TOTAL | T38: 111408 | U38: 110990 | V38: 222398 | W38: 32.75.06.1003 | X38: PEJUANG | Y38: 38448 | Z38: 38644 | AA38: 77092
B39: 7 | C39: 1003 | E39: BANTARGEBANG | F39: 17978 | G39: 17354 | H39: 35332 | I39: =F39/G39 -> 1.0359571 | R39: 6 | S39: MEDANSATRIA | T39: 79840 | U39: 78889 | V39: 158729 | W39: 32.75.06.1004 | X39: KALIBARU | Y39: 15690 | Z39: 15312 | AA39: 31002
B40: 7 | C40: 1004 | E40: CIKIWUL | F40: 15265 | G40: 14577 | H40: 29842 | I40: =F40/G40 -> 1.0471976 | R40: 1 | S40: MEDANSATRIA | T40: 14273 | U40: 13841 | V40: 28114 | W40: 32.75.07 | X40: BANTARGEBANG | Y40: 59754 | Z40: 57632 | AA40: 117386
B41: 7 | C41: 1007 | E41: CIKETINGUDIK | F41: 13850 | G41: 13413 | H41: 27263 | I41: =F41/G41 -> 1.0325803 | R41: 2 | S41: HARAPANMULYA | T41: 12381 | U41: 12027 | V41: 24408 | W41: 32.75.07.1003 | X41: BANTARGEBANG | Y41: 17668 | Z41: 17003 | AA41: 34671
B42: 7 | C42: 1008 | E42: SUMURBATU | F42: 14324 | G42: 14148 | H42: 28472 | I42: =F42/G42 -> 1.0124399 | R42: 3 | S42: PEJUANG | T42: 37677 | U42: 37833 | V42: 75510 | W42: 32.75.07.1004 | X42: CIKIWUL | Y42: 14953 | Z42: 14191 | AA42: 29144
D43: BANTARGEBANG | F43: =SUM(F39:F42) -> 61417 | G43: =SUM(G39:G42) -> 59492 | H43: =SUM(H39:H42) -> 120909 | R43: 4 | S43: KALIBARU | T43: 15509 | U43: 15188 | V43: 30697 | W43: 32.75.07.1007 | X43: CIKETINGUDIK | Y43: 13409 | Z43: 12904 | AA43: 26313
B44: 8 | C44: 1001 | E44: JATIWARINGIN | F44: 24010 | G44: 24276 | H44: 48286 | I44: =F44/G44 -> 0.98904268 | S44: TOTAL | T44: 79840 | U44: 78889 | V44: 158729 | W44: 32.75.07.1008 | X44: SUMURBATU | Y44: 13724 | Z44: 13534 | AA44: 27258
B45: 8 | C45: 1002 | E45: JATIBENING | F45: 19169 | G45: 19174 | H45: 38343 | I45: =F45/G45 -> 0.99973923 | R45: 7 | S45: BANTARGEBANG | T45: 58047 | U45: 55941 | V45: 113988 | W45: 32.75.08 | X45: PONDOKGEDE | Y45: 116076 | Z45: 116998 | AA45: 233074
B46: 8 | C46: 1003 | E46: JATIMAKMUR | F46: 31335 | G46: 31548 | H46: 62883 | I46: =F46/G46 -> 0.99324838 | R46: 1 | S46: BANTARGEBANG | T46: 17404 | U46: 16801 | V46: 34205 | W46: 32.75.08.1001 | X46: JATIWARINGIN | Y46: 23840 | Z46: 24101 | AA46: 47941
B47: 8 | C47: 1006 | E47: JATIBENING BARU | F47: 19643 | G47: 20031 | H47: 39674 | I47: =F47/G47 -> 0.98063002 | R47: 2 | S47: CIKIWUL | T47: 14651 | U47: 13887 | V47: 28538 | W47: 32.75.08.1002 | X47: JATIBENING | Y47: 19027 | Z47: 19027 | AA47: 38054
B48: 8 | C48: 1007 | E48: JATICEMPAKA | F48: 22959 | G48: 23257 | H48: 46216 | I48: =F48/G48 -> 0.98718665 | R48: 3 | S48: CIKETINGUDIK | T48: 12964 | U48: 12429 | V48: 25393 | W48: 32.75.08.1003 | X48: JATIMAKMUR | Y48: 30922 | Z48: 31084 | AA48: 62006
D49: PONDOKGEDE | F49: =SUM(F44:F48) -> 117116 | G49: =SUM(G44:G48) -> 118286 | H49: =SUM(H44:H48) -> 235402 | R49: 4 | S49: SUMURBATU | T49: 13028 | U49: 12824 | V49: 25852 | W49: 32.75.08.1006 | X49: JATIBENING BARU | Y49: 19420 | Z49: 19629 | AA49: 39049
B50: 9 | C50: 1001 | E50: JATIMEKAR | F50: 21053 | G50: 21123 | H50: 42176 | I50: =F50/G50 -> 0.99668608 | S50: TOTAL | T50: 58047 | U50: 55941 | V50: 113988 | W50: 32.75.08.1007 | X50: JATICEMPAKA | Y50: 22867 | Z50: 23157 | AA50: 46024
B51: 9 | C51: 1002 | E51: JATIASIH | F51: 19375 | G51: 19468 | H51: 38843 | I51: =F51/G51 -> 0.99522293 | R51: 8 | S51: PONDOKGEDE | T51: 113443 | U51: 113980 | V51: 227423 | W51: 32.75.09 | X51: JATIASIH | Y51: 123435 | Z51: 124208 | AA51: 247643
B52: 9 | C52: 1003 | E52: JATIKRAMAT | F52: 23678 | G52: 23999 | H52: 47677 | I52: =F52/G52 -> 0.98662444 | R52: 1 | S52: JATIWARINGIN | T52: 23582 | U52: 23724 | V52: 47306 | W52: 32.75.09.1001 | X52: JATIMEKAR | Y52: 20674 | Z52: 20741 | AA52: 41415
B53: 9 | C53: 1004 | E53: JATIRASA | F53: 21064 | G53: 21168 | H53: 42232 | I53: =F53/G53 -> 0.99508692 | R53: 2 | S53: JATIBENING | T53: 18653 | U53: 18656 | V53: 37309 | W53: 32.75.09.1002 | X53: JATIASIH | Y53: 19195 | Z53: 19208 | AA53: 38403
B54: 9 | C54: 1005 | E54: JATILUHUR | F54: 18673 | G54: 18982 | H54: 37655 | I54: =F54/G54 -> 0.98372142 | R54: 3 | S54: JATIMAKMUR | T54: 30216 | U54: 30215 | V54: 60431 | W54: 32.75.09.1003 | X54: JATIKRAMAT | Y54: 23284 | Z54: 23576 | AA54: 46860
B55: 9 | C55: 1006 | E55: JATISARI | F55: 22107 | G55: 22300 | H55: 44407 | I55: =F55/G55 -> 0.99134529 | R55: 4 | S55: JATIBENING BARU | T55: 18868 | U55: 18995 | V55: 37863 | W55: 32.75.09.1004 | X55: JATIRASA | Y55: 20787 | Z55: 20755 | AA55: 41542
D56: JATIASIH | F56: =SUM(F50:F55) -> 125950 | G56: =SUM(G50:G55) -> 127040 | H56: =SUM(H50:H55) -> 252990 | R56: 5 | S56: JATICEMPAKA | T56: 22124 | U56: 22390 | V56: 44514 | W56: 32.75.09.1005 | X56: JATILUHUR | Y56: 18061 | Z56: 18327 | AA56: 36388
B57: 10 | C57: 1001 | E57: JATISAMPURNA | F57: 15990 | G57: 16349 | H57: 32339 | I57: =F57/G57 -> 0.97804147 | S57: TOTAL | T57: 113443 | U57: 113980 | V57: 227423 | W57: 32.75.09.1006 | X57: JATISARI | Y57: 21434 | Z57: 21601 | AA57: 43035
B58: 10 | C58: 1002 | E58: JATIKARYA | F58: 8325 | G58: 8848 | H58: 17173 | I58: =F58/G58 -> 0.9408906 | R58: 9 | S58: JATIASIH | T58: 119326 | U58: 119833 | V58: 239159 | W58: 32.75.10 | X58: JATISAMPURNA | Y58: 59725 | Z58: 60324 | AA58: 120049
B59: 10 | C59: 1003 | E59: JATIRANGGON | F59: 15206 | G59: 15258 | H59: 30464 | I59: =F59/G59 -> 0.99659195 | R59: 1 | S59: JATIMEKAR | T59: 20089 | U59: 20179 | V59: 40268 | W59: 32.75.10.1001 | X59: JATISAMPURNA | Y59: 15729 | Z59: 15953 | AA59: 31682
B60: 10 | C60: 1004 | E60: JATIRANGGA | F60: 10234 | G60: 10208 | H60: 20442 | I60: =F60/G60 -> 1.002547 | R60: 2 | S60: JATIASIH | T60: 18828 | U60: 18850 | V60: 37678 | W60: 32.75.10.1002 | X60: JATIKARYA | Y60: 8023 | Z60: 8581 | AA60: 16604
B61: 10 | C61: 1005 | E61: JATIRADEN | F61: 11855 | G61: 11792 | H61: 23647 | I61: =F61/G61 -> 1.0053426 | R61: 3 | S61: JATIKRAMAT | T61: 22680 | U61: 22894 | V61: 45574 | W61: 32.75.10.1003 | X61: JATIRANGGON | Y61: 14821 | Z61: 14828 | AA61: 29649
D62: JATISAMPURNA | F62: =SUM(F57:F61) -> 61610 | G62: =SUM(G57:G61) -> 62455 | H62: =SUM(H57:H61) -> 124065 | R62: 4 | S62: JATIRASA | T62: 20316 | U62: 20205 | V62: 40521 | W62: 32.75.10.1004 | X62: JATIRANGGA | Y62: 9730 | Z62: 9676 | AA62: 19406
B63: 11 | C63: 1001 | E63: PADURENAN | F63: 30690 | G63: 30216 | H63: 60906 | I63: =F63/G63 -> 1.0156871 | R63: 5 | S63: JATILUHUR | T63: 17179 | U63: 17296 | V63: 34475 | W63: 32.75.10.1005 | X63: JATIRADEN | Y63: 11422 | Z63: 11286 | AA63: 22708
B64: 11 | C64: 1002 | E64: CIMUNING | F64: 23652 | G64: 23863 | H64: 47515 | I64: =F64/G64 -> 0.99115786 | R64: 6 | S64: JATISARI | T64: 20234 | U64: 20409 | V64: 40643 | W64: 32.75.11 | X64: MUSTIKAJAYA | Y64: 112547 | Z64: 111944 | AA64: 224491
B65: 11 | C65: 1003 | E65: MUSTIKAJAYA | F65: 40843 | G65: 41131 | H65: 81974 | I65: =F65/G65 -> 0.99299798 | S65: TOTAL | T65: 119326 | U65: 119833 | V65: 239159 | W65: 32.75.11.1001 | X65: PADURENAN | Y65: 29652 | Z65: 29132 | AA65: 58784
B66: 11 | C66: 1004 | E66: MUSTIKASARI | F66: 20759 | G66: 20446 | H66: 41205 | I66: =F66/G66 -> 1.0153086 | R66: 10 | S66: JATISAMPURNA | T66: 56912 | U66: 57196 | V66: 114108 | W66: 32.75.11.1002 | X66: CIMUNING | Y66: 22787 | Z66: 22946 | AA66: 45733
D67: MUSTIKA JAYA | F67: =SUM(F63:F66) -> 115944 | G67: =SUM(G63:G66) -> 115656 | H67: =SUM(H63:H66) -> 231600 | R67: 1 | S67: JATISAMPURNA | T67: 15229 | U67: 15398 | V67: 30627 | W67: 32.75.11.1003 | X67: MUSTIKAJAYA | Y67: 39880 | Z67: 40021 | AA67: 79901
B68: 12 | C68: 1001 | E68: JATIRAHAYU | F68: 29279 | G68: 29620 | H68: 58899 | I68: =F68/G68 -> 0.98848751 | R68: 2 | S68: JATIKARYA | T68: 7648 | U68: 8133 | V68: 15781 | W68: 32.75.11.1004 | X68: MUSTIKASARI | Y68: 20228 | Z68: 19845 | AA68: 40073
B69: 12 | C69: 1002 | E69: JATIWARNA | F69: 11807 | G69: 11997 | H69: 23804 | I69: =F69/G69 -> 0.98416271 | R69: 3 | S69: JATIRANGGON | T69: 14054 | U69: 13972 | V69: 28026 | W69: 32.75.12 | X69: PONDOKMELATI | Y69: 66241 | Z69: 66304 | AA69: 132545
B70: 12 | C70: 1003 | E70: JATIMELATI | F70: 11317 | G70: 11259 | H70: 22576 | I70: =F70/G70 -> 1.0051514 | R70: 4 | S70: JATIRANGGA | T70: 9208 | U70: 9108 | V70: 18316 | W70: 32.75.12.1001 | X70: JATIRAHAYU | Y70: 29231 | Z70: 29418 | AA70: 58649
B71: 12 | C71: 1004 | E71: JATIMURNI | F71: 14356 | G71: 14329 | H71: 28685 | I71: =F71/G71 -> 1.0018843 | R71: 5 | S71: JATIRADEN | T71: 10773 | U71: 10585 | V71: 21358 | W71: 32.75.12.1002 | X71: JATIWARNA | Y71: 11705 | Z71: 11831 | AA71: 23536
D72: PONDOK MELATI | F72: =SUM(F68:F71) -> 66759 | G72: =SUM(G68:G71) -> 67205 | H72: =SUM(H68:H71) -> 133964 | S72: TOTAL | T72: 56912 | U72: 57196 | V72: 114108 | W72: 32.75.12.1003 | X72: JATIMELATI | Y72: 11189 | Z72: 11035 | AA72: 22224
B73: JUMLAH | F73: =SUM(F9,F15,F22,F28,F33,F38,F43,F49,F56,F62,F67,F72) -> 1300822 | G73: =SUM(G9,G15,G22,G28,G33,G38,G43,G49,G56,G62,G67,G72) -> 1306426 | H73: =SUM(H9,H15,H22,H28,H33,H38,H43,H49,H56,H62,H67,H72) -> 2607248 | I73: =F73/G73 -> 0.99571043 | M73: =210.49 -> 210.49 | O73: =H73/M73 -> 12386.565 | R73: 11 | S73: MUSTIKAJAYA | T73: 108783 | U73: 107821 | V73: 216604 | W73: 32.75.12.1004 | X73: JATIMURNI | Y73: 14116 | Z73: 14020 | AA73: 28136
B74: PROSENTASE (%) | F74: =F73/H73*100 -> 49.89253 | G74: =G73/H73*100 -> 50.10747 | H74: =SUM(F74:G74) -> 100 | R74: 1 | S74: PADURENAN | T74: 15229 | U74: 15398 | V74: 56565
R75: 2 | S75: CIMUNING | T75: 7648 | U75: 8133 | V75: 43767
F76: JUMDUK SEMESTER 2/2023 | R76: 3 | S76: MUSTIKAJAYA | T76: 14054 | U76: 13972 | V76: 77483
R77: 4 | S77: MUSTIKASARI | T77: 9208 | U77: 9108 | V77: 38789
F79: 210.49 | S79: TOTAL | T79: 10773 | U79: 10585 | V79: 216604
F80: JUMDUK SEMESTER 1/2023 | R80: 12 | S80: PONDOKMELATI | T80: 64295 | U80: 64395 | V80: 128690
R81: 1 | S81: JATIRAHAYU | T81: 28702 | U81: 28845 | V81: 57547
R82: 2 | S82: JATIWARNA | T82: 11425 | U82: 11583 | V82: 23008
R83: 3 | S83: JATIMELATI | T83: 10718 | U83: 10557 | V83: 21275
R84: 4 | S84: JATIMURNI | T84: 13450 | U84: 13410 | V84: 26860
S85: TOTAL | T85: 64295 | U85: 64395 | V85: 128690
S86: TOTAL SELURUH | T86: 1257169 | U86: 1256500 | V86: 2513669

Sheet JUMDUK KEC& KEL (GRAPH)
A1: JUMLAH PENDUDUK KOTA BEKASI (LAKI-LAKI & PEREMPUAN) SEMESTER 1 TAHUN 2026
A3: NO_KEC | B3: NO_KEL | C3: NAMA_KEC | D3: NAMA_KEL | E3: LAKI-LAKI | F3: PEREMPUAN | G3: JUMLAH | H3: RASIO JK | I3: PROSENTASE (%)
A4: 1 | B4: 1001 | C4: BEKASI TIMUR | D4: BEKASI JAYA | E4: 32963 | F4: 33420 | G4: 66383 | H4: =E4/F4 -> 0.98632555 | I4: =(G4/$G$72)*100 -> 2.5460946
A5: 1 | B5: 1002 | D5: MARGAHAYU | E5: 33420 | F5: 33339 | G5: 66759 | H5: =E5/F5 -> 1.0024296 | I5: =(G5/$G$72)*100 -> 2.5605159
A6: 1 | B6: 1003 | D6: DUREN JAYA | E6: 37922 | F6: 38596 | G6: 76518 | H6: =E6/F6 -> 0.98253705 | I6: =(G6/$G$72)*100 -> 2.9348186
A7: 1 | B7: 1004 | D7: AREN JAYA | E7: 32965 | F7: 33686 | G7: 66651 | H7: =E7/F7 -> 0.97859645 | I7: =(G7/$G$72)*100 -> 2.5563736
C8: TOTAL | E8: =SUM(E4:E7) -> 137270 | F8: =SUM(F4:F7) -> 139041 | G8: =SUM(G4:G7) -> 276311 | H8: =E8/F8 -> 0.98726275 | I8: =G8/$G$72*100 -> 10.597803
A9: 2 | B9: 1001 | C9: BEKASI BARAT | D9: BINTARA | E9: 32830 | F9: 32686 | G9: 65516 | H9: =E9/F9 -> 1.0044056 | I9: =(G9/$G$72)*100 -> 2.5128411
A10: 2 | B10: 1002 | D10: KRANJI | E10: 24910 | F10: 25009 | G10: 49919 | H10: =E10/F10 -> 0.99604143 | I10: =(G10/$G$72)*100 -> 1.9146242
A11: 2 | B11: 1003 | D11: KOTA BARU | E11: 22735 | F11: 22787 | G11: 45522 | H11: =E11/F11 -> 0.997718 | I11: =(G11/$G$72)*100 -> 1.7459789
A12: 2 | B12: 1004 | D12: BINTARA JAYA | E12: 17719 | F12: 17947 | G12: 35666 | H12: =E12/F12 -> 0.98729593 | I12: =(G12/$G$72)*100 -> 1.3679558
A13: 2 | B13: 1005 | D13: JAKA SAMPURNA | E13: 37635 | F13: 37998 | G13: 75633 | H13: =E13/F13 -> 0.99044687 | I13: =(G13/$G$72)*100 -> 2.9008748
C14: TOTAL | E14: =SUM(E9:E13) -> 135829 | F14: =SUM(F9:F13) -> 136427 | G14: =SUM(G9:G13) -> 272256 | H14: =E14/F14 -> 0.9956167 | I14: =G14/$G$72*100 -> 10.442275
A15: 3 | B15: 1001 | C15: BEKASI UTARA | D15: KALIABANG TENGAH | E15: 48995 | F15: 48549 | G15: 97544 | H15: =E15/F15 -> 1.0091866 | I15: =(G15/$G$72)*100 -> 3.7412628
A16: 3 | B16: 1002 | D16: PERWIRA | E16: 20434 | F16: 20374 | G16: 40808 | H16: =E16/F16 -> 1.0029449 | I16: =(G16/$G$72)*100 -> 1.5651752
A17: 3 | B17: 1003 | D17: HARAPAN BARU | E17: 14683 | F17: 14408 | G17: 29091 | H17: =E17/F17 -> 1.0190866 | I17: =(G17/$G$72)*100 -> 1.1157742
A18: 3 | B18: 1004 | D18: TELUK PUCUNG | E18: 36049 | F18: 35786 | G18: 71835 | H18: =E18/F18 -> 1.0073492 | I18: =(G18/$G$72)*100 -> 2.755204
A19: 3 | B19: 1005 | D19: MARGA MULYA | E19: 12596 | F19: 12447 | G19: 25043 | H19: =E19/F19 -> 1.0119708 | I19: =(G19/$G$72)*100 -> 0.96051469
A20: 3 | B20: 1006 | D20: HARAPAN JAYA | E20: 41756 | F20: 42545 | G20: 84301 | H20: =E20/F20 -> 0.98145493 | I20: =(G20/$G$72)*100 -> 3.2333326
C21: TOTAL | E21: =SUM(E15:E20) -> 174513 | F21: =SUM(F15:F20) -> 174109 | G21: =SUM(G15:G20) -> 348622 | H21: =E21/F21 -> 1.0023204 | I21: =G21/$G$72*100 -> 13.371263
A22: 4 | B22: 1001 | C22: BEKASI SELATAN | D22: PEKAYON JAYA | E22: 29952 | F22: 30980 | G22: 60932 | H22: =E22/F22 -> 0.9668173 | I22: =(G22/$G$72)*100 -> 2.3370236
A23: 4 | B23: 1002 | D23: MARGA JAYA | E23: 8789 | F23: 8865 | G23: 17654 | H23: =E23/F23 -> 0.99142696 | I23: =(G23/$G$72)*100 -> 0.67711242
A24: 4 | B24: 1003 | D24: JAKA MULYA | E24: 18851 | F24: 19069 | G24: 37920 | H24: =E24/F24 -> 0.98856783 | I24: =(G24/$G$72)*100 -> 1.4544071
A25: 4 | B25: 1004 | D25: JAKA SETIA | E25: 22265 | F25: 22970 | G25: 45235 | H25: =E25/F25 -> 0.96930779 | I25: =(G25/$G$72)*100 -> 1.7349711
A26: 4 | B26: 1005 | D26: KAYURINGIN JAYA | E26: 29054 | F26: 29749 | G26: 58803 | H26: =E26/F26 -> 0.97663787 | I26: =(G26/$G$72)*100 -> 2.2553666
C27: TOTAL | E27: =SUM(E22:E26) -> 108911 | F27: =SUM(F22:F26) -> 111633 | G27: =SUM(G22:G26) -> 220544 | H27: =E27/F27 -> 0.97561653 | I27: =G27/$G$72*100 -> 8.4588808
A28: 5 | B28: 1001 | C28: RAWALUMBU | D28: BOJONG RAWALUMBU | E28: 40544 | F28: 40398 | G28: 80942 | H28: =E28/F28 -> 1.003614 | I28: =(G28/$G$72)*100 -> 3.1044995
A29: 5 | B29: 1002 | D29: PENGASINAN | E29: 31507 | F29: 32114 | G29: 63621 | H29: =E29/F29 -> 0.98109859 | I29: =(G29/$G$72)*100 -> 2.4401591
A30: 5 | B30: 1003 | D30: SEPANJANG JAYA | E30: 18823 | F30: 18928 | G30: 37751 | H30: =E30/F30 -> 0.99445266 | I30: =(G30/$G$72)*100 -> 1.4479252
A31: 5 | B31: 1004 | D31: BOJONG MENTENG | E31: 22887 | F31: 22746 | G31: 45633 | H31: =E31/F31 -> 1.0061989 | I31: =(G31/$G$72)*100 -> 1.7502363
C32: TOTAL | E32: =SUM(E28:E31) -> 113761 | F32: =SUM(F28:F31) -> 114186 | G32: =SUM(G28:G31) -> 227947 | H32: =E32/F32 -> 0.996278 | I32: =G32/$G$72*100 -> 8.74282
A33: 6 | B33: 1001 | C33: MEDAN SATRIA | D33: MEDAN SATRIA | E33: 14409 | F33: 13945 | G33: 28354 | H33: =E33/F33 -> 1.0332736 | I33: =(G33/$G$72)*100 -> 1.0875068
A34: 6 | B34: 1002 | D34: HARAPAN MULYA | E34: 12844 | F34: 12534 | G34: 25378 | H34: =E34/F34 -> 1.0247327 | I34: =(G34/$G$72)*100 -> 0.97336349
A35: 6 | B35: 1003 | D35: PEJUANG | E35: 38758 | F35: 39099 | G35: 77857 | H35: =E35/F35 -> 0.99127855 | I35: =(G35/$G$72)*100 -> 2.9861755
A36: 6 | B36: 1004 | D36: KALI BARU | E36: 15731 | F36: 15318 | G36: 31049 | H36: =E36/F36 -> 1.0269617 | I36: =(G36/$G$72)*100 -> 1.1908725
C37: TOTAL | E37: =SUM(E33:E36) -> 81742 | F37: =SUM(F33:F36) -> 80896 | G37: =SUM(G33:G36) -> 162638 | H37: =E37/F37 -> 1.0104579 | I37: =G37/G72*100 -> 6.2379183
A38: 7 | B38: 1003 | C38: BANTARGEBANG | D38: BANTAR GEBANG | E38: 17978 | F38: 17354 | G38: 35332 | H38: =E38/F38 -> 1.0359571 | I38: =(G38/$G$72)*100 -> 1.3551453
A39: 7 | B39: 1004 | D39: CIKIWUL | E39: 15265 | F39: 14577 | G39: 29842 | H39: =E39/F39 -> 1.0471976 | I39: =(G39/$G$72)*100 -> 1.1445785
A40: 7 | B40: 1007 | D40: CIKETINGUDIK | E40: 13850 | F40: 13413 | G40: 27263 | H40: =E40/F40 -> 1.0325803 | I40: =(G40/$G$72)*100 -> 1.0456619
A41: 7 | B41: 1008 | D41: SUMUR BATU | E41: 14324 | F41: 14148 | G41: 28472 | H41: =E41/F41 -> 1.0124399 | I41: =(G41/$G$72)*100 -> 1.0920327
C42: TOTAL | E42: =SUM(E38:E41) -> 61417 | F42: =SUM(F38:F41) -> 59492 | G42: =SUM(G38:G41) -> 120909 | H42: =E42/F42 -> 1.0323573 | I42: =G42/$G$72*100 -> 4.6374185
A43: 8 | B43: 1001 | C43: PONDOKGEDE | D43: JATI WARINGIN | E43: 24010 | F43: 24276 | G43: 48286 | H43: =E43/F43 -> 0.98904268 | I43: =(G43/$G$72)*100 -> 1.8519911
A44: 8 | B44: 1002 | D44: JATI BENING | E44: 19169 | F44: 19174 | G44: 38343 | H44: =E44/F44 -> 0.99973923 | I44: =(G44/$G$72)*100 -> 1.4706311
A45: 8 | B45: 1003 | D45: JATI MAKMUR | E45: 31335 | F45: 31548 | G45: 62883 | H45: =E45/F45 -> 0.99324838 | I45: =(G45/$G$72)*100 -> 2.4118534
A46: 8 | B46: 1006 | D46: JATI BENING BARU | E46: 19643 | F46: 20031 | G46: 39674 | H46: =E46/F46 -> 0.98063002 | I46: =(G46/$G$72)*100 -> 1.5216811
A47: 8 | B47: 1007 | D47: JATI CEMPAKA | E47: 22959 | F47: 23257 | G47: 46216 | H47: =E47/F47 -> 0.98718665 | I47: =(G47/$G$72)*100 -> 1.772597
C48: TOTAL | E48: =SUM(E43:E47) -> 117116 | F48: =SUM(F43:F47) -> 118286 | G48: =SUM(G43:G47) -> 235402 | H48: =E48/F48 -> 0.99010872 | I48: =G48/$G$72*100 -> 9.0287537
A49: 9 | B49: 1001 | C49: JATIASIH | D49: JATI MEKAR | E49: 21053 | F49: 21123 | G49: 42176 | H49: =E49/F49 -> 0.99668608 | I49: =(G49/$G$72)*100 -> 1.6176444
A50: 9 | B50: 1002 | D50: JATI ASIH | E50: 19375 | F50: 19468 | G50: 38843 | H50: =E50/F50 -> 0.99522293 | I50: =(G50/$G$72)*100 -> 1.4898084
A51: 9 | B51: 1003 | D51: JATI KRAMAT | E51: 23678 | F51: 23999 | G51: 47677 | H51: =E51/F51 -> 0.98662444 | I51: =(G51/$G$72)*100 -> 1.8286331
A52: 9 | B52: 1004 | D52: JATI RASA | E52: 21064 | F52: 21168 | G52: 42232 | H52: =E52/F52 -> 0.99508692 | I52: =(G52/$G$72)*100 -> 1.6197922
A53: 9 | B53: 1005 | D53: JATI LUHUR | E53: 18673 | F53: 18982 | G53: 37655 | H53: =E53/F53 -> 0.98372142 | I53: =(G53/$G$72)*100 -> 1.4442431
A54: 9 | B54: 1006 | D54: JATI SARI | E54: 22107 | F54: 22300 | G54: 44407 | H54: =E54/F54 -> 0.99134529 | I54: =(G54/$G$72)*100 -> 1.7032135
C55: TOTAL | E55: =SUM(E49:E54) -> 125950 | F55: =SUM(F49:F54) -> 127040 | G55: =SUM(G49:G54) -> 252990 | H55: =E55/F55 -> 0.99142003 | I55: =G55/$G$72*100 -> 9.7033347
A56: 10 | B56: 1001 | C56: JATISAMPURNA | D56: JATI SAMPURNA | E56: 15990 | F56: 16349 | G56: 32339 | H56: =E56/F56 -> 0.97804147 | I56: =(G56/$G$72)*100 -> 1.24035
A57: 10 | B57: 1002 | D57: JATI KARYA | E57: 8325 | F57: 8848 | G57: 17173 | H57: =E57/F57 -> 0.9408906 | I57: =(G57/$G$72)*100 -> 0.65866385
A58: 10 | B58: 1003 | D58: JATI RANGGON | E58: 15206 | F58: 15258 | G58: 30464 | H58: =E58/F58 -> 0.99659195 | I58: =(G58/$G$72)*100 -> 1.1684351
A59: 10 | B59: 1004 | D59: JATI RANGGA | E59: 10234 | F59: 10208 | G59: 20442 | H59: =E59/F59 -> 1.002547 | I59: =(G59/$G$72)*100 -> 0.78404509
A60: 10 | B60: 1005 | D60: JATI RADEN | E60: 11855 | F60: 11792 | G60: 23647 | H60: =E60/F60 -> 1.0053426 | I60: =(G60/$G$72)*100 -> 0.90697164
C61: TOTAL | E61: =SUM(E56:E60) -> 61610 | F61: =SUM(F56:F60) -> 62455 | G61: =SUM(G56:G60) -> 124065 | H61: =E61/F61 -> 0.98647026 | I61: =G61/$G$72*100 -> 4.7584656
A62: 11 | B62: 1001 | C62: MUSTIKA JAYA | D62: PADURENAN | E62: 30690 | F62: 30216 | G62: 60906 | H62: =E62/F62 -> 1.0156871 | I62: =(G62/$G$72)*100 -> 2.3360263
A63: 11 | B63: 1002 | D63: CIMUNING | E63: 23652 | F63: 23863 | G63: 47515 | H63: =E63/F63 -> 0.99115786 | I63: =(G63/$G$72)*100 -> 1.8224197
A64: 11 | B64: 1003 | D64: MUSTIKA JAYA | E64: 40843 | F64: 41131 | G64: 81974 | H64: =E64/F64 -> 0.99299798 | I64: =(G64/$G$72)*100 -> 3.1440814
A65: 11 | B65: 1004 | D65: MUSTIKA SARI | E65: 20759 | F65: 20446 | G65: 41205 | H65: =E65/F65 -> 1.0153086 | I65: =(G65/$G$72)*100 -> 1.580402
C66: TOTAL | E66: =SUM(E62:E65) -> 115944 | F66: =SUM(F62:F65) -> 115656 | G66: =SUM(G62:G65) -> 231600 | H66: =E66/F66 -> 1.0024901 | I66: =G66/$G$72*100 -> 8.8829294
A67: 12 | B67: 1001 | C67: PONDOK MELATI | D67: JATI RAHAYU | E67: 29279 | F67: 29620 | G67: 58899 | H67: =E67/F67 -> 0.98848751 | I67: =(G67/$G$72)*100 -> 2.2590486
A68: 12 | B68: 1002 | D68: JATI WARNA | E68: 11807 | F68: 11997 | G68: 23804 | H68: =E68/F68 -> 0.98416271 | I68: =(G68/$G$72)*100 -> 0.91299332
A69: 12 | B69: 1003 | D69: JATI MELATI | E69: 11317 | F69: 11259 | G69: 22576 | H69: =E69/F69 -> 1.0051514 | I69: =(G69/$G$72)*100 -> 0.86589385
A70: 12 | B70: 1004 | D70: JATI MURNI | E70: 14356 | F70: 14329 | G70: 28685 | H70: =E70/F70 -> 1.0018843 | I70: =(G70/$G$72)*100 -> 1.1002022
C71: TOTAL | E71: =SUM(E67:E70) -> 66759 | F71: =SUM(F67:F70) -> 67205 | G71: =SUM(G67:G70) -> 133964 | H71: =E71/F71 -> 0.99336359 | I71: =G71/G72*100 -> 5.138138
A72: JUMLAH | E72: =SUM(E8,E14,E21,E27,E32,E37,E42,E48,E55,E61,E66,E71) -> 1300822 | F72: =SUM(F8,F14,F21,F27,F32,F37,F42,F48,F55,F61,F66,F71) -> 1306426 | G72: =SUM(G8,G14,G21,G27,G32,G37,G42,G48,G55,G61,G66,G71) -> 2607248 | H72: =E72/F72 -> 0.99571043 | I72: =SUM(I8,I14,I21,I27,I32,I37,I42,I48,I55,I61,I66,I71) -> 100
E73: =E72/G72*100 -> 49.89253 | F73: =F72/G72*100 -> 50.10747 | G73: =SUM(E73:F73) -> 100 | H73: =E73/F73*100 -> 99.571043 | I73: =SUM(G73:H73) -> 199.57104

Sheet JUM_KK
A1: JUMLAH KELUARGA KOTA BEKASI (BERDASARKAN KK)
A2: SEMESTER 1 TAHUN 2026
A4: NO_KEC | B4: NO_KEL | C4: NAMA_KEC | D4: NAMA_KEL | E4: LAKI LAKI | F4: PEREMPUAN | G4: JUMLAH | H4: JUMLAH VERSI BNBA | J4: NO_KEC | K4: NO_KEL | L4: NAMA_KEC | M4: NAMA_KEL | N4: JUMLAH | Q4: KODE | R4: WILAYAH | S4: LK | T4: PR | U4: JML
A5: 1 | B5: 1001 | C5: BEKASI TIMUR | D5: BEKASIJAYA | E5: 16538 | F5: 4883 | G5: 21421 | H5: 20274 | J5: 1 | K5: 1001 | L5: BEKASI TIMUR | M5: BEKASI JAYA | N5: 20274 | Q5: 32.75 | R5: KOTA BEKASI | S5: 653115 | T5: 165483 | U5: 818598
A6: 1 | B6: 1002 | C6: BEKASI TIMUR | D6: MARGAHAYU | E6: 17006 | F6: 4987 | G6: 21993 | H6: 21587 | J6: 1 | K6: 1002 | L6: BEKASI TIMUR | M6: MARGAHAYU | N6: 21587 | Q6: 32.75.01 | R6: BEKASI TIMUR | S6: 69598 | T6: 19463 | U6: 89061
A7: 1 | B7: 1003 | C7: BEKASI TIMUR | D7: DURENJAYA | E7: 19312 | F7: 5325 | G7: 24637 | H7: 23458 | J7: 1 | K7: 1003 | L7: BEKASI TIMUR | M7: DUREN JAYA | N7: 23458 | Q7: 32.75.01.1001 | R7: BEKASIJAYA | S7: 16511 | T7: 4651 | U7: 21162
A8: 1 | B8: 1004 | C8: BEKASI TIMUR | D8: ARENJAYA | E8: 16740 | F8: 4991 | G8: 21731 | H8: 20819 | J8: 1 | K8: 1004 | L8: BEKASI TIMUR | M8: AREN JAYA | N8: 20819 | Q8: 32.75.01.1002 | R8: MARGAHAYU | S8: 17042 | T8: 4878 | U8: 21920
E9: =SUM(E3:E8) -> 69596 | F9: =SUM(F3:F8) -> 20186 | G9: =SUM(G3:G8) -> 89782 | H9: =SUM(H5:H8) -> 86138 | I9: 86138 | J9: 2 | K9: 1001 | L9: BEKASI BARAT | M9: BINTARA | N9: 20083 | Q9: 32.75.01.1003 | R9: DURENJAYA | S9: 19305 | T9: 5151 | U9: 24456
A10: 2 | B10: 1001 | C10: BEKASI BARAT | D10: BINTARA | E10: 16498 | F10: 4710 | G10: 21208 | H10: 20083 | J10: 2 | K10: 1002 | L10: BEKASI BARAT | M10: KRANJI | N10: 15986 | Q10: 32.75.01.1004 | R10: ARENJAYA | S10: 16740 | T10: 4783 | U10: 21523
A11: 2 | B11: 1002 | C11: BEKASI BARAT | D11: KRANJI | E11: 12620 | F11: 3595 | G11: 16215 | H11: 15986 | J11: 2 | K11: 1003 | L11: BEKASI BARAT | M11: KOTA BARU | N11: 14363 | Q11: 32.75.02 | R11: BEKASI BARAT | S11: 68976 | T11: 19193 | U11: 88169
A12: 2 | B12: 1003 | C12: BEKASI BARAT | D12: KOTABARU | E12: 11730 | F12: 3196 | G12: 14926 | H12: 14363 | J12: 2 | K12: 1004 | L12: BEKASI BARAT | M12: BINTARA JAYA | N12: 10789 | Q12: 32.75.02.1001 | R12: BINTARA | S12: 16506 | T12: 4530 | U12: 21036
A13: 2 | B13: 1004 | C13: BEKASI BARAT | D13: BINTARAJAYA | E13: 8982 | F13: 2654 | G13: 11636 | H13: 10789 | J13: 2 | K13: 1005 | L13: BEKASI BARAT | M13: JAKA SAMPURNA | N13: 24003 | Q13: 32.75.02.1002 | R13: KRANJI | S13: 12700 | T13: 3483 | U13: 16183
A14: 2 | B14: 1005 | C14: BEKASI BARAT | D14: JAKASAMPURNA | E14: 19068 | F14: 5639 | G14: 24707 | H14: 24003 | J14: 3 | K14: 1001 | L14: BEKASI UTARA | M14: KALIABANG TENGAH | N14: 27918 | Q14: 32.75.02.1003 | R14: KOTABARU | S14: 11762 | T14: 3105 | U14: 14867
E15: =SUM(E10:E14) -> 68898 | F15: =SUM(F10:F14) -> 19794 | G15: =SUM(G10:G14) -> 88692 | H15: =SUM(H10:H14) -> 85224 | I15: 85224 | J15: 3 | K15: 1002 | L15: BEKASI UTARA | M15: PERWIRA | N15: 11202 | Q15: 32.75.02.1004 | R15: BINTARAJAYA | S15: 8952 | T15: 2557 | U15: 11509
A16: 3 | B16: 1001 | C16: BEKASI UTARA | D16: KALIABANG TENGAH | E16: 24705 | F16: 5804 | G16: 30509 | H16: 27918 | J16: 3 | K16: 1003 | L16: BEKASI UTARA | M16: HARAPAN BARU | N16: 7603 | Q16: 32.75.02.1005 | R16: JAKASAMPURNA | S16: 19056 | T16: 5518 | U16: 24574
A17: 3 | B17: 1002 | C17: BEKASI UTARA | D17: PERWIRA | E17: 10207 | F17: 2259 | G17: 12466 | H17: 11202 | J17: 3 | K17: 1004 | L17: BEKASI UTARA | M17: TELUK PUCUNG | N17: 20992 | Q17: 32.75.03 | R17: BEKASI UTARA | S17: 86727 | T17: 20412 | U17: 107139
A18: 3 | B18: 1003 | C18: BEKASI UTARA | D18: HARAPANBARU | E18: 7301 | F18: 1467 | G18: 8768 | H18: 7603 | J18: 3 | K18: 1005 | L18: BEKASI UTARA | M18: MARGA MULYA | N18: 7329 | Q18: 32.75.03.1001 | R18: KALIABANG TENGAH | S18: 24432 | T18: 5505 | U18: 29937
A19: 3 | B19: 1004 | C19: BEKASI UTARA | D19: TELUK PUCUNG | E19: 18057 | F19: 4630 | G19: 22687 | H19: 20992 | J19: 3 | K19: 1006 | L19: BEKASI UTARA | M19: HARAPAN JAYA | N19: 24943 | Q19: 32.75.03.1002 | R19: PERWIRA | S19: 10099 | T19: 2121 | U19: 12220
A20: 3 | B20: 1005 | C20: BEKASI UTARA | D20: MARGAMULYA | E20: 6376 | F20: 1673 | G20: 8049 | H20: 7329 | J20: 4 | K20: 1001 | L20: BEKASI SELATAN | M20: PEKAYON JAYA | N20: 17888 | Q20: 32.75.03.1003 | R20: HARAPANBARU | S20: 7039 | T20: 1395 | U20: 8434
A21: 3 | B21: 1006 | C21: BEKASI UTARA | D21: HARAPANJAYA | E21: 21057 | F21: 5502 | G21: 26559 | H21: 24943 | J21: 4 | K21: 1002 | L21: BEKASI SELATAN | M21: MARGA JAYA | N21: 5731 | Q21: 32.75.03.1004 | R21: TELUK PUCUNG | S21: 17899 | T21: 4461 | U21: 22360
E22: =SUM(E16:E21) -> 87703 | F22: =SUM(F16:F21) -> 21335 | G22: =SUM(G16:G21) -> 109038 | H22: =SUM(H16:H21) -> 99987 | I22: 99987 | J22: 4 | K22: 1003 | L22: BEKASI SELATAN | M22: JAKA MULYA | N22: 10861 | Q22: 32.75.03.1005 | R22: MARGAMULYA | S22: 6255 | T22: 1627 | U22: 7882
A23: 4 | B23: 1001 | C23: BEKASI SELATAN | D23: PEKAYONJAYA | E23: 15334 | F23: 4238 | G23: 19572 | H23: 17888 | J23: 4 | K23: 1004 | L23: BEKASI SELATAN | M23: JAKA SETIA | N23: 13180 | Q23: 32.75.03.1006 | R23: HARAPANJAYA | S23: 21003 | T23: 5303 | U23: 26306
A24: 4 | B24: 1002 | C24: BEKASI SELATAN | D24: MARGAJAYA | E24: 4462 | F24: 1363 | G24: 5825 | H24: 5731 | J24: 4 | K24: 1005 | L24: BEKASI SELATAN | M24: KAYURINGIN JAYA | N24: 18559 | Q24: 32.75.04 | R24: BEKASI SELATAN | S24: 54740 | T24: 15272 | U24: 70012
A25: 4 | B25: 1003 | C25: BEKASI SELATAN | D25: JAKAMULYA | E25: 9572 | F25: 2461 | G25: 12033 | H25: 10861 | J25: 5 | K25: 1001 | L25: RAWALUMBU | M25: BOJONG RAWALUMBU | N25: 25139 | Q25: 32.75.04.1001 | R25: PEKAYONJAYA | S25: 15066 | T25: 4096 | U25: 19162
A26: 4 | B26: 1004 | C26: BEKASI SELATAN | D26: JAKASETIA | E26: 11454 | F26: 3056 | G26: 14510 | H26: 13180 | J26: 5 | K26: 1002 | L26: RAWALUMBU | M26: PENGASINAN | N26: 19004 | Q26: 32.75.04.1002 | R26: MARGAJAYA | S26: 4433 | T26: 1327 | U26: 5760
A27: 4 | B27: 1005 | C27: BEKASI SELATAN | D27: KAYURINGINJAYA | E27: 14618 | F27: 4674 | G27: 19292 | H27: 18559 | J27: 5 | K27: 1003 | L27: RAWALUMBU | M27: SEPANJANG JAYA | N27: 11818 | Q27: 32.75.04.1003 | R27: JAKAMULYA | S27: 9414 | T27: 2374 | U27: 11788
E28: =SUM(E23:E27) -> 55440 | F28: =SUM(F23:F27) -> 15792 | G28: =SUM(G23:G27) -> 71232 | H28: =SUM(H23:H27) -> 66219 | I28: 66219 | J28: 5 | K28: 1004 | L28: RAWALUMBU | M28: BOJONG MENTENG | N28: 14753 | Q28: 32.75.04.1004 | R28: JAKASETIA | S28: 11278 | T28: 2897 | U28: 14175
A29: 5 | B29: 1001 | C29: RAWALUMBU | D29: BOJONG RAWALUMBU | E29: 21132 | F29: 5179 | G29: 26311 | H29: 25139 | J29: 6 | K29: 1001 | L29: MEDAN SATRIA | M29: MEDAN SATRIA | N29: 8949 | Q29: 32.75.04.1005 | R29: KAYURINGINJAYA | S29: 14549 | T29: 4578 | U29: 19127
A30: 5 | B30: 1002 | C30: RAWALUMBU | D30: PENGASINAN | E30: 16084 | F30: 4220 | G30: 20304 | H30: 19004 | J30: 6 | K30: 1002 | L30: MEDAN SATRIA | M30: HARAPAN MULYA | N30: 7401 | Q30: 32.75.05 | R30: RAWALUMBU | S30: 58431 | T30: 14622 | U30: 73053
A31: 5 | B31: 1003 | C31: RAWALUMBU | D31: SEPANJANGJAYA | E31: 9758 | F31: 2645 | G31: 12403 | H31: 11818 | J31: 6 | K31: 1003 | L31: MEDAN SATRIA | M31: PEJUANG | N31: 22615 | Q31: 32.75.05.1001 | R31: BOJONG RAWALUMBU | S31: 20916 | T31: 5051 | U31: 25967
A32: 5 | B32: 1004 | C32: RAWALUMBU | D32: BOJONGMENTENG | E32: 12044 | F32: 2902 | G32: 14946 | H32: 14753 | J32: 6 | K32: 1004 | L32: MEDAN SATRIA | M32: KALI BARU | N32: 9864 | Q32: 32.75.05.1002 | R32: PENGASINAN | S32: 15931 | T32: 4115 | U32: 20046
E33: =SUM(E29:E32) -> 59018 | F33: =SUM(F29:F32) -> 14946 | G33: =SUM(G29:G32) -> 73964 | H33: =SUM(H29:H32) -> 70714 | I33: 70714 | J33: 7 | K33: 1003 | L33: BANTARGEBANG | M33: BANTARGEBANG | N33: 10619 | Q33: 32.75.05.1003 | R33: SEPANJANGJAYA | S33: 9634 | T33: 2583 | U33: 12217
A34: 6 | B34: 1001 | C34: MEDAN SATRIA | D34: MEDANSATRIA | E34: 7303 | F34: 1822 | G34: 9125 | H34: 8949 | J34: 7 | K34: 1004 | L34: BANTARGEBANG | M34: CIKIWUL | N34: 9610 | Q34: 32.75.05.1004 | R34: BOJONGMENTENG | S34: 11950 | T34: 2873 | U34: 14823
A35: 6 | B35: 1002 | C35: MEDAN SATRIA | D35: HARAPANMULYA | E35: 6360 | F35: 1689 | G35: 8049 | H35: 7401 | J35: 7 | K35: 1007 | L35: BANTARGEBANG | M35: CIKETINGUDIK | N35: 7732 | Q35: 32.75.06 | R35: MEDANSATRIA | S35: 40774 | T35: 10430 | U35: 51204
A36: 6 | B36: 1003 | C36: MEDAN SATRIA | D36: PEJUANG | E36: 19510 | F36: 5129 | G36: 24639 | H36: 22615 | J36: 7 | K36: 1008 | L36: BANTARGEBANG | M36: SUMUR BATU | N36: 7126 | Q36: 32.75.06.1001 | R36: MEDANSATRIA | S36: 7307 | T36: 1753 | U36: 9060
A37: 6 | B37: 1004 | C37: MEDAN SATRIA | D37: KALIBARU | E37: 7928 | F37: 2156 | G37: 10084 | H37: 9864 | J37: 8 | K37: 1001 | L37: PONDOKGEDE | M37: JATIWARINGIN | N37: 15251 | Q37: 32.75.06.1002 | R37: HARAPANMULYA | S37: 6263 | T37: 1635 | U37: 7898
E38: =SUM(E34:E37) -> 41101 | F38: =SUM(F34:F37) -> 10796 | G38: =SUM(G34:G37) -> 51897 | H38: =SUM(H34:H37) -> 48829 | I38: 48829 | J38: 8 | K38: 1002 | L38: PONDOKGEDE | M38: JATIBENING | N38: 12205 | Q38: 32.75.06.1003 | R38: PEJUANG | S38: 19246 | T38: 4961 | U38: 24207
A39: 7 | B39: 1003 | C39: BANTARGEBANG | D39: BANTARGEBANG | E39: 9259 | F39: 1922 | G39: 11181 | H39: 10619 | J39: 8 | K39: 1003 | L39: PONDOKGEDE | M39: JATIMAKMUR | N39: 18786 | Q39: 32.75.06.1004 | R39: KALIBARU | S39: 7958 | T39: 2081 | U39: 10039
A40: 7 | B40: 1004 | C40: BANTARGEBANG | D40: CIKIWUL | E40: 8471 | F40: 1643 | G40: 10114 | H40: 9610 | J40: 8 | K40: 1006 | L40: PONDOKGEDE | M40: JATIBENING BARU | N40: 12142 | Q40: 32.75.07 | R40: BANTARGEBANG | S40: 32135 | T40: 6401 | U40: 38536
A41: 7 | B41: 1007 | C41: BANTARGEBANG | D41: CIKETINGUDIK | E41: 7719 | F41: 1676 | G41: 9395 | H41: 7732 | J41: 8 | K41: 1007 | L41: PONDOKGEDE | M41: JATICEMPAKA | N41: 14468 | Q41: 32.75.07.1003 | R41: BANTARGEBANG | S41: 9176 | T41: 1832 | U41: 11008
A42: 7 | B42: 1008 | C42: BANTARGEBANG | D42: SUMURBATU | E42: 7362 | F42: 1405 | G42: 8767 | H42: 7126 | J42: 9 | K42: 1001 | L42: JATIASIH | M42: JATIMEKAR | N42: 12283 | Q42: 32.75.07.1004 | R42: CIKIWUL | S42: 8371 | T42: 1627 | U42: 9998
E43: =SUM(E39:E42) -> 32811 | F43: =SUM(F39:F42) -> 6646 | G43: =SUM(G39:G42) -> 39457 | H43: =SUM(H39:H42) -> 35087 | I43: 35087 | J43: 9 | K43: 1002 | L43: JATIASIH | M43: JATIASIH | N43: 11353 | Q43: 32.75.07.1007 | R43: CIKETINGUDIK | S43: 7465 | T43: 1599 | U43: 9064
A44: 8 | B44: 1001 | C44: PONDOKGEDE | D44: JATIWARINGIN | E44: 12345 | F44: 3496 | G44: 15841 | H44: 15251 | J44: 9 | K44: 1003 | L44: JATIASIH | M44: JATIKRAMAT | N44: 13817 | Q44: 32.75.07.1008 | R44: SUMURBATU | S44: 7123 | T44: 1343 | U44: 8466
A45: 8 | B45: 1002 | C45: PONDOKGEDE | D45: JATIBENING | E45: 9924 | F45: 2765 | G45: 12689 | H45: 12205 | J45: 9 | K45: 1004 | L45: JATIASIH | M45: JATIRASA | N45: 12299 | Q45: 32.75.08 | R45: PONDOKGEDE | S45: 59357 | T45: 16674 | U45: 76031
A46: 8 | B46: 1003 | C46: PONDOKGEDE | D46: JATIMAKMUR | E46: 15742 | F46: 4259 | G46: 20001 | H46: 18786 | J46: 9 | K46: 1005 | L46: JATIASIH | M46: JATILUHUR | N46: 9478 | Q46: 32.75.08.1001 | R46: JATIWARINGIN | S46: 12288 | T46: 3433 | U46: 15721
A47: 8 | B47: 1006 | C47: PONDOKGEDE | D47: JATIBENING BARU | E47: 10051 | F47: 2960 | G47: 13011 | H47: 12142 | J47: 9 | K47: 1006 | L47: JATIASIH | M47: JATISARI | N47: 11365 | Q47: 32.75.08.1002 | R47: JATIBENING | S47: 9891 | T47: 2725 | U47: 12616
A48: 8 | B48: 1007 | C48: PONDOKGEDE | D48: JATICEMPAKA | E48: 11693 | F48: 3561 | G48: 15254 | H48: 14468 | J48: 10 | K48: 1001 | L48: JATISAMPURNA | M48: JATISAMPURNA | N48: 9571 | Q48: 32.75.08.1003 | R48: JATIMAKMUR | S48: 15555 | T48: 4195 | U48: 19750
E49: =SUM(E44:E48) -> 59755 | F49: =SUM(F44:F48) -> 17041 | G49: =SUM(G44:G48) -> 76796 | H49: =SUM(H44:H48) -> 72852 | I49: 72852 | J49: 10 | K49: 1002 | L49: JATISAMPURNA | M49: JATIKARYA | N49: 4680 | Q49: 32.75.08.1006 | R49: JATIBENING BARU | S49: 9923 | T49: 2855 | U49: 12778
A50: 9 | B50: 1001 | C50: JATIASIH | D50: JATIMEKAR | E50: 10536 | F50: 2775 | G50: 13311 | H50: 12283 | J50: 10 | K50: 1003 | L50: JATISAMPURNA | M50: JATIRANGGON | N50: 8469 | Q50: 32.75.08.1007 | R50: JATICEMPAKA | S50: 11700 | T50: 3466 | U50: 15166
A51: 9 | B51: 1002 | C51: JATIASIH | D51: JATIASIH | E51: 9779 | F51: 2504 | G51: 12283 | H51: 11353 | J51: 10 | K51: 1004 | L51: JATISAMPURNA | M51: JATIRANGGA | N51: 5388 | Q51: 32.75.09 | R51: JATIASIH | S51: 61943 | T51: 14969 | U51: 76912
A52: 9 | B52: 1003 | C52: JATIASIH | D52: JATIKRAMAT | E52: 11907 | F52: 3111 | G52: 15018 | H52: 13817 | J52: 10 | K52: 1005 | L52: JATISAMPURNA | M52: JATIRADEN | N52: 6238 | Q52: 32.75.09.1001 | R52: JATIMEKAR | S52: 10338 | T52: 2726 | U52: 13064
A53: 9 | B53: 1004 | C53: JATIASIH | D53: JATIRASA | E53: 10622 | F53: 2716 | G53: 13338 | H53: 12299 | J53: 11 | K53: 1001 | L53: MUSTIKA JAYA | M53: PADURENAN | N53: 15364 | Q53: 32.75.09.1002 | R53: JATIASIH | S53: 9655 | T53: 2445 | U53: 12100
A54: 9 | B54: 1005 | C54: JATIASIH | D54: JATILUHUR | E54: 9302 | F54: 1917 | G54: 11219 | H54: 9478 | J54: 11 | K54: 1002 | L54: MUSTIKA JAYA | M54: CIMUNING | N54: 11854 | Q54: 32.75.09.1003 | R54: JATIKRAMAT | S54: 11787 | T54: 3004 | U54: 14791
A55: 9 | B55: 1006 | C55: JATIASIH | D55: JATISARI | E55: 10965 | F55: 2428 | G55: 13393 | H55: 11365 | J55: 11 | K55: 1003 | L55: MUSTIKA JAYA | M55: MUSTIKAJAYA | N55: 21695 | Q55: 32.75.09.1004 | R55: JATIRASA | S55: 10470 | T55: 2629 | U55: 13099
E56: =SUM(E50:E55) -> 63111 | F56: =SUM(F50:F55) -> 15451 | G56: =SUM(G50:G55) -> 78562 | H56: =SUM(H50:H55) -> 70595 | I56: 70595 | J56: 11 | K56: 1004 | L56: MUSTIKA JAYA | M56: MUSTIKASARI | N56: 10952 | Q56: 32.75.09.1005 | R56: JATILUHUR | S56: 9060 | T56: 1820 | U56: 10880
A57: 10 | B57: 1001 | C57: JATISAMPURNA | D57: JATISAMPURNA | E57: 8261 | F57: 2234 | G57: 10495 | H57: 9571 | J57: 12 | K57: 1001 | L57: PONDOK MELATI | M57: JATIRAHAYU | N57: 18702 | Q57: 32.75.09.1006 | R57: JATISARI | S57: 10633 | T57: 2345 | U57: 12978
A58: 10 | B58: 1002 | C58: JATISAMPURNA | D58: JATIKARYA | E58: 4353 | F58: 1187 | G58: 5540 | H58: 4680 | J58: 12 | K58: 1002 | L58: PONDOK MELATI | M58: JATIWARNA | N58: 7245 | Q58: 32.75.10 | R58: JATISAMPURNA | S58: 30592 | T58: 7530 | U58: 38122
A59: 10 | B59: 1003 | C59: JATISAMPURNA | D59: JATIRANGGON | E59: 7655 | F59: 1850 | G59: 9505 | H59: 8469 | J59: 12 | K59: 1003 | L59: PONDOK MELATI | M59: JATIMELATI | N59: 6277 | Q59: 32.75.10.1001 | R59: JATISAMPURNA | S59: 8111 | T59: 2167 | U59: 10278
A60: 10 | B60: 1004 | C60: JATISAMPURNA | D60: JATIRANGGA | E60: 5374 | F60: 1162 | G60: 6536 | H60: 5388 | J60: 12 | K60: 1004 | L60: PONDOK MELATI | M60: JATIMURNI | N60: 8237 | Q60: 32.75.10.1002 | R60: JATIKARYA | S60: 4197 | T60: 1164 | U60: 5361
A61: 10 | B61: 1005 | C61: JATISAMPURNA | D61: JATIRADEN | E61: 5904 | F61: 1368 | G61: 7272 | H61: 6238 | J61: JUMLAH | N61: =SUM(N5:N60) -> 770317 | Q61: 32.75.10.1003 | R61: JATIRANGGON | S61: 7458 | T61: 1793 | U61: 9251
E62: =SUM(E57:E61) -> 31547 | F62: =SUM(F57:F61) -> 7801 | G62: =SUM(G57:G61) -> 39348 | H62: =SUM(H57:H61) -> 34346 | I62: 34346 | Q62: 32.75.10.1004 | R62: JATIRANGGA | S62: 5113 | T62: 1099 | U62: 6212
A63: 11 | B63: 1001 | C63: MUSTIKA JAYA | D63: PADURENAN | E63: 15283 | F63: 3014 | G63: 18297 | H63: 15364 | Q63: 32.75.10.1005 | R63: JATIRADEN | S63: 5713 | T63: 1307 | U63: 7020
A64: 11 | B64: 1002 | C64: MUSTIKA JAYA | D64: CIMUNING | E64: 11834 | F64: 2201 | G64: 14035 | H64: 11854 | Q64: 32.75.11 | R64: MUSTIKAJAYA | S64: 56134 | T64: 11052 | U64: 67186
A65: 11 | B65: 1003 | C65: MUSTIKA JAYA | D65: MUSTIKAJAYA | E65: 20211 | F65: 4425 | G65: 24636 | H65: 21695 | Q65: 32.75.11.1001 | R65: PADURENAN | S65: 14802 | T65: 2804 | U65: 17606
A66: 11 | B66: 1004 | C66: MUSTIKA JAYA | D66: MUSTIKASARI | E66: 10486 | F66: 2203 | G66: 12689 | H66: 10952 | Q66: 32.75.11.1002 | R66: CIMUNING | S66: 11394 | T66: 2034 | U66: 13428
E67: =SUM(E63:E66) -> 57814 | F67: =SUM(F63:F66) -> 11843 | G67: =SUM(G63:G66) -> 69657 | H67: =SUM(H63:H66) -> 59865 | I67: 59865 | Q67: 32.75.11.1003 | R67: MUSTIKAJAYA | S67: 19701 | T67: 4157 | U67: 23858
A68: 12 | B68: 1001 | C68: PONDOK MELATI | D68: JATIRAHAYU | E68: 14949 | F68: 4658 | G68: 19607 | H68: 18702 | Q68: 32.75.11.1004 | R68: MUSTIKASARI | S68: 10237 | T68: 2057 | U68: 12294
A69: 12 | B69: 1002 | C69: PONDOK MELATI | D69: JATIWARNA | E69: 5974 | F69: 1790 | G69: 7764 | H69: 7245 | Q69: 32.75.12 | R69: PONDOKMELATI | S69: 33708 | T69: 9465 | U69: 43173
A70: 12 | B70: 1003 | C70: PONDOK MELATI | D70: JATIMELATI | E70: 5711 | F70: 1398 | G70: 7109 | H70: 6277 | Q70: 32.75.12.1001 | R70: JATIRAHAYU | S70: 14958 | T70: 4552 | U70: 19510
A71: 12 | B71: 1004 | C71: PONDOK MELATI | D71: JATIMURNI | E71: 7340 | F71: 1909 | G71: 9249 | H71: 8237 | Q71: 32.75.12.1002 | R71: JATIWARNA | S71: 5906 | T71: 1743 | U71: 7649
E72: =SUM(E68:E71) -> 33974 | F72: =SUM(F68:F71) -> 9755 | G72: =SUM(G68:G71) -> 43729 | H72: =SUM(H68:H71) -> 40461 | I72: 40461 | Q72: 32.75.12.1003 | R72: JATIMELATI | S72: 5624 | T72: 1340 | U72: 6964
A73: JUMLAH | E73: =SUM(E9,E15,E22,E28,E33,E38,E43,E49,E56,E62,E67,E72) -> 660768 | F73: =SUM(F9,F15,F22,F28,F33,F38,F43,F49,F56,F62,F67,F72) -> 171386 | G73: =SUM(G9,G15,G22,G28,G33,G38,G43,G49,G56,G62,G67,G72) -> 832154 | H73: =SUM(H9,H15,H22,H28,H33,H38,H43,H49,H56,H62,H67,H72) -> 770317 | I73: =SUM(I9,I15,I22,I28,I33,I38,I43,I49,I56,I62,I67,I72) -> 770317 | Q73: 32.75.12.1004 | R73: JATIMURNI | S73: 7220 | T73: 1830 | U73: 9050

Sheet JUM_KK KECAMATAN
A1: JUMLAH KELUARGA KOTA BEKASI (BERDASARKAN KK)
A2: DKB SEMESTER 1 TAHUN 2026
A4: NO_KEC | B4: NO_KEL | C4: NAMA_KEC | D4: NAMA_KECAMATAN | E4: JUMLAH | F4: PROSENTASE (%)
C5: AKUMULASI BEKASI TIMUR | D5: BEKASI TIMUR | E5: =JUM_KK!G9 -> 89782 | F5: =E5/$E$17*100 -> 10.789109
C6: AKUMULASI BEKASI BARAT | D6: BEKASI BARAT | E6: =JUM_KK!G15 -> 88692 | F6: =E6/$E$17*100 -> 10.658123
C7: AKUMULASI BEKASI UTARA | D7: BEKASI UTARA | E7: =JUM_KK!G22 -> 109038 | F7: =E7/$E$17*100 -> 13.103104
C8: AKUMULASI BEKASI SELATAN | D8: BEKASI SELATAN | E8: =JUM_KK!G28 -> 71232 | F8: =E8/$E$17*100 -> 8.559954
C9: AKUMULASI RAWALUMBU | D9: RAWA LUMBU | E9: =JUM_KK!G33 -> 73964 | F9: =E9/$E$17*100 -> 8.8882587
C10: AKUMULASI MEDANSATRIA | D10: MEDAN SATRIA | E10: =JUM_KK!G38 -> 51897 | F10: =E10/$E$17*100 -> 6.2364658
C11: AKUMULASI BANTARGEBANG | D11: BANTARGEBANG | E11: =JUM_KK!G43 -> 39457 | F11: =E11/$E$17*100 -> 4.7415502
C12: AKUMULASI PONDOKGEDE | D12: PONDOH GEDE | E12: =JUM_KK!G49 -> 76796 | F12: =E12/$E$17*100 -> 9.2285803
C13: AKUMULASI JATIASIH | D13: JATIASIH | E13: =JUM_KK!G56 -> 78562 | F13: =E13/$E$17*100 -> 9.4408006
C14: AKUMULASI JATISAMPURNA | D14: JATISAMPURNA | E14: =JUM_KK!G62 -> 39348 | F14: =E14/$E$17*100 -> 4.7284517
C15: AKUMULASI MUSTIKAJAYA | D15: MUJSTIKAJAYA | E15: =JUM_KK!G67 -> 69657 | F15: =E15/$E$17*100 -> 8.3706862
C16: AKUMULASI PONDOKMELATI | D16: PONDOKMELATI | E16: =JUM_KK!G72 -> 43729 | F16: =E16/$E$17*100 -> 5.2549168
A17: JUMLAH | E17: =SUM(E5,E6,E7,E8,E9,E10,E11,E12,E13,E14,E15,E16) -> 832154 | F17: =SUM(F5,F6,F7,F8,F9,F10,F11,F12,F13,F14,F15,F16) -> 100

Sheet JUMDUK_AGM
A1: JUMLAH PENDUDUK BERDASARKAN AGAMA SESUAI DKB SEMESTER 1 TAHUN 2026
A4: KODE | B4: WILAYAH | C4: ISLAM L | D4: ISLAM P | E4: JUMLAH ISLAM | F4: KRISTEN L | G4: KRISTEN P | H4: JUMLAH KRISTEN | I4: KATHOLIK L | J4: KATHOLIK P | K4: JUMLAH KATHOLIK | L4: HINDU L | M4: HINDU P | N4: JUMLAH HINDU | O4: BUDHA L | P4: BUDHA P | Q4: JUMLAH BUDHA | R4: KHONGHUCU L | S4: KHONGHUCU P | T4: JUMLAH KONGHUCU | U4: KEPERCAYAAN L | V4: KEPERCAYAAN P | W4: JUMLAH KEPERCAYAAN | X4: TOTAL L | Y4: TOTAL P | Z4: GRAND TOTAL
A5: 3275 | B5: PROSENTASE | C5: =E6/$Z$6*100 -> 88.57531 | F5: =H6/$Z$6*100 -> 7.440489 | I5: =K6/$Z$6*100 -> 2.5213175 | L5: =N6/$Z$6*100 -> 0.15940179 | O5: =Q6/$Z$6*100 -> 0.84399336 | R5: =T6/$Z$6*100 -> 0.0051011641 | U5: =W6/$Z$6*100 -> 0.020174529 | X5: =Z6/$Z$6*100 -> 100
A6: 3275 | B6: KOTA BEKASI | C6: 1160578 | D6: 1160044 | E6: 2309378 | F6: 94817 | G6: 99366 | H6: 193992 | I6: 31982 | J6: 33781 | K6: 65737 | L6: 2155 | M6: 2000 | N6: 4156 | O6: 10945 | P6: 10923 | Q6: 22005 | R6: 75 | S6: 63 | T6: 133 | U6: 270 | V6: 249 | W6: 526 | X6: =SUM(C6,F6,I6,L6,O6,R6,U6) -> 1300822 | Y6: =SUM(D6,G6,J6,M6,P6,S6,V6) -> 1306426 | Z6: =SUM(X6:Y6) -> 2607248
A7: 327501 | B7: BEKASI TIMUR | C7: 120491 | D7: 121279 | E7: 241269 | F7: 10314 | G7: 10950 | H7: 21282 | I7: 3202 | J7: 3484 | K7: 6720 | L7: 155 | M7: 176 | N7: 335 | O7: 3096 | P7: 3143 | Q7: 6279 | R7: 9 | S7: 6 | T7: 15 | U7: 3 | V7: 3 | W7: 6 | X7: =SUM(C7,F7,I7,L7,O7,R7,U7) -> 137270 | Y7: =SUM(D7,G7,J7,M7,P7,S7,V7) -> 139041 | Z7: =SUM(X7:Y7) -> 276311
A8: 3275011001 | B8: BEKASIJAYA | C8: 28421 | D8: 28384 | E8: 56666 | F8: 2245 | G8: 2533 | H8: 4774 | I8: 795 | J8: 931 | K8: 1749 | L8: 44 | M8: 45 | N8: 92 | O8: 1455 | P8: 1523 | Q8: 3013 | R8: 3 | S8: 4 | T8: 7 | U8: 0 | V8: 0 | W8: 0 | X8: =SUM(C8,F8,I8,L8,O8,R8,U8) -> 32963 | Y8: =SUM(D8,G8,J8,M8,P8,S8,V8) -> 33420 | Z8: =SUM(X8:Y8) -> 66383
A9: 3275011002 | B9: MARGAHAYU | C9: 29662 | D9: 29504 | E9: 59086 | F9: 2158 | G9: 2229 | H9: 4416 | I9: 727 | J9: 746 | K9: 1465 | L9: 38 | M9: 36 | N9: 75 | O9: 831 | P9: 823 | Q9: 1667 | R9: 1 | S9: 0 | T9: 1 | U9: 3 | V9: 1 | W9: 4 | X9: =SUM(C9,F9,I9,L9,O9,R9,U9) -> 33420 | Y9: =SUM(D9,G9,J9,M9,P9,S9,V9) -> 33339 | Z9: =SUM(X9:Y9) -> 66759
A10: 3275011003 | B10: DURENJAYA | C10: 33425 | D10: 33862 | E10: 67044 | F10: 2872 | G10: 3005 | H10: 5853 | I10: 996 | J10: 1091 | K10: 2101 | L10: 40 | M10: 51 | N10: 92 | O10: 588 | P10: 587 | Q10: 1167 | R10: 1 | S10: 0 | T10: 1 | U10: 0 | V10: 0 | W10: 0 | X10: =SUM(C10,F10,I10,L10,O10,R10,U10) -> 37922 | Y10: =SUM(D10,G10,J10,M10,P10,S10,V10) -> 38596 | Z10: =SUM(X10:Y10) -> 76518
A11: 3275011004 | B11: ARENJAYA | C11: 28983 | D11: 29529 | E11: 58473 | F11: 3039 | G11: 3183 | H11: 6239 | I11: 684 | J11: 716 | K11: 1405 | L11: 33 | M11: 44 | N11: 76 | O11: 222 | P11: 210 | Q11: 432 | R11: 4 | S11: 2 | T11: 6 | U11: 0 | V11: 2 | W11: 2 | X11: =SUM(C11,F11,I11,L11,O11,R11,U11) -> 32965 | Y11: =SUM(D11,G11,J11,M11,P11,S11,V11) -> 33686 | Z11: =SUM(X11:Y11) -> 66651
A12: 327502 | B12: BEKASI BARAT | C12: 123669 | D12: 123483 | E12: 246885 | F12: 8462 | G12: 8961 | H12: 17440 | I12: 2858 | J12: 3099 | K12: 5974 | L12: 198 | M12: 174 | N12: 371 | O12: 633 | P12: 700 | Q12: 1337 | R12: 4 | S12: 4 | T12: 8 | U12: 5 | V12: 6 | W12: 10 | X12: =SUM(C12,F12,I12,L12,O12,R12,U12) -> 135829 | Y12: =SUM(D12,G12,J12,M12,P12,S12,V12) -> 136427 | Z12: =SUM(X12:Y12) -> 272256
A13: 3275021001 | B13: BINTARA | C13: 30267 | D13: 29895 | E13: 60065 | F13: 1614 | G13: 1795 | H13: 3418 | I13: 728 | J13: 775 | K13: 1520 | L13: 39 | M13: 42 | N13: 85 | O13: 177 | P13: 175 | Q13: 358 | R13: 3 | S13: 1 | T13: 4 | U13: 2 | V13: 3 | W13: 4 | X13: =SUM(C13,F13,I13,L13,O13,R13,U13) -> 32830 | Y13: =SUM(D13,G13,J13,M13,P13,S13,V13) -> 32686 | Z13: =SUM(X13:Y13) -> 65516
A14: 3275021002 | B14: KRANJI | C14: 23335 | D14: 23317 | E14: 46728 | F14: 1138 | G14: 1243 | H14: 2397 | I14: 332 | J14: 325 | K14: 654 | L14: 19 | M14: 19 | N14: 38 | O14: 84 | P14: 104 | Q14: 191 | R14: 0 | S14: 0 | T14: 0 | U14: 2 | V14: 1 | W14: 3 | X14: =SUM(C14,F14,I14,L14,O14,R14,U14) -> 24910 | Y14: =SUM(D14,G14,J14,M14,P14,S14,V14) -> 25009 | Z14: =SUM(X14:Y14) -> 49919
A15: 3275021003 | B15: KOTABARU | C15: 20394 | D15: 20310 | E15: 40640 | F15: 1516 | G15: 1623 | H15: 3141 | I15: 630 | J15: 634 | K15: 1246 | L15: 33 | M15: 26 | N15: 59 | O15: 160 | P15: 194 | Q15: 352 | R15: 1 | S15: 0 | T15: 1 | U15: 1 | V15: 0 | W15: 1 | X15: =SUM(C15,F15,I15,L15,O15,R15,U15) -> 22735 | Y15: =SUM(D15,G15,J15,M15,P15,S15,V15) -> 22787 | Z15: =SUM(X15:Y15) -> 45522
A16: 3275021004 | B16: BINTARAJAYA | C16: 16210 | D16: 16268 | E16: 32385 | F16: 1133 | G16: 1215 | H16: 2335 | I16: 297 | J16: 381 | K16: 688 | L16: 20 | M16: 22 | N16: 42 | O16: 59 | P16: 58 | Q16: 116 | R16: 0 | S16: 2 | T16: 2 | U16: 0 | V16: 1 | W16: 1 | X16: =SUM(C16,F16,I16,L16,O16,R16,U16) -> 17719 | Y16: =SUM(D16,G16,J16,M16,P16,S16,V16) -> 17947 | Z16: =SUM(X16:Y16) -> 35666
A17: 3275021005 | B17: JAKASAMPURNA | C17: 33463 | D17: 33693 | E17: 67067 | F17: 3061 | G17: 3085 | H17: 6149 | I17: 871 | J17: 984 | K17: 1866 | L17: 87 | M17: 65 | N17: 147 | O17: 153 | P17: 169 | Q17: 320 | R17: 0 | S17: 1 | T17: 1 | U17: 0 | V17: 1 | W17: 1 | X17: =SUM(C17,F17,I17,L17,O17,R17,U17) -> 37635 | Y17: =SUM(D17,G17,J17,M17,P17,S17,V17) -> 37998 | Z17: =SUM(X17:Y17) -> 75633
... A74: 3275121004 | B74: JATIMURNI | C74: 11319 | D74: 11313 | E74: 22399 | F74: 1550 | G74: 1513 | H74: 3044 | I74: 1428 | J74: 1448 | K74: 2855 | L74: 29 | M74: 28 | N74: 57 | O74: 30 | P74: 27 | Q74: 58 | R74: 0 | S74: 0 | T74: 0 | U74: 0 | V74: 0 | W74: 0 | X74: =SUM(C74,F74,I74,L74,O74,R74,U74) -> 14356 | Y74: =SUM(D74,G74,J74,M74,P74,S74,V74) -> 14329 | Z74: =SUM(X74:Y74) -> 28685

Sheet JUMDUK PEND
A1: JUMLAH PENDUDUK KOTA BEKASI BERDASARKAN PENDIDIKAN SEMESTER 1 TAHUN 2026 | AF1: total Diploma
AG3: =AG8*AF3 -> 0
A4: KODE | B4: WILAYAH | C4: TIDAK/BLM SEKOLAH L | D4: TIDAK/BLM SEKOLAH P | E4: TOTAL | F4: BELUM TAMAT SD/SEDERAJAT L | G4: BELUM TAMAT SD/SEDERAJAT P | H4: TOTAL | I4: TAMAT SD/SEDERAJAT L | J4: TAMAT SD/SEDERAJAT P | K4: TOTAL | L4: SLTP/SEDERAJAT L | M4: SLTP/SEDERAJAT P | N4: TOTAL | O4: SLTA/SEDERAJAT L | P4: SLTA/SEDERAJAT P | Q4: TOTAL | R4: DIPLOMA I/II L | S4: DIPLOMA I/II P | T4: TOTAL | U4: AKADEMI/DIPL.III/S. MUDA L | V4: AKADEMI/DIPL.III/S.MUDA P | W4: TOTAL | X4: DIPLOMA IV/STRATA I L | Y4: DIPLOMA IV/STRATA I P | Z4: TOTAL | AA4: STRATA-II L | AB4: STRATA-II P | AC4: TOTAL | AD4: STRATA-III L | AE4: STRATA-III P | AF4: TOTAL | AG4: GRAND TOTAL
B6: PROSENTASE | C6: =E8/$AG$8*100 -> 19.794703 | F6: =H8/$AG$8*100 -> 9.4452465 | I6: =K8/$AG$8*100 -> 7.5807902 | L6: =N8/$AG$8*100 -> 9.8091934 | O6: =Q8/$AG$8*100 -> 37.758625 | R6: =T8/$AG$8*100 -> 0.464321 | U6: =W8/$AG$8*100 -> 3.432815 | X6: =Z8/$AG$8*100 -> 10.735304 | AA6: =AC8/$AG$8*100 -> 0.92848858 | AD6: =AF8/$AG$8*100 -> 0.050513031 | AG6: =SUM(C6:AF6) -> 100
A7: 3275 | B7: PROSENTASE | C7: =C8/E8*100 -> 51.47637 | D7: =D8/E8*100 -> 48.52363 | E7: =SUM(C7:D7) -> 100 | F7: =F8/H8*100 -> 51.203398 | G7: =G8/H8*100 -> 48.796602 | H7: =SUM(F7:G7) -> 100 | I7: =I8/K8*100 -> 42.8085 | J7: =J8/K8*100 -> 57.1915 | K7: =SUM(I7:J7) -> 100 | L7: =L8/N8*100 -> 46.479374 | M7: =M8/N8*100 -> 53.520626 | N7: =SUM(L7:M7) -> 100 | O7: =O8/Q8*100 -> 51.653849 | P7: =P8/Q8*100 -> 48.346151 | Q7: =SUM(O7:P7) -> 100 | R7: =R8/T8*100 -> 36.130844 | S7: =S8/T8*100 -> 63.869156 | T7: =SUM(R7:S7) -> 100 | U7: =U8/W8*100 -> 41.523094 | V7: =V8/W8*100 -> 58.476906 | W7: =SUM(U7:V7) -> 100 | X7: =X8/Z8*100 -> 50.09182 | Y7: =Y8/Z8*100 -> 49.90818 | Z7: =SUM(X7:Y7) -> 100 | AA7: =AA8/AC8*100 -> 59.579478 | AB7: =AB8/AC8*100 -> 40.420522 | AC7: =SUM(AA7:AB7) -> 100 | AD7: =AD8/AF8*100 -> 68.33713 | AE7: =AE8/AF8*100 -> 31.66287 | AF7: =SUM(AD7:AE7) -> 100
B8: KOTA BEKASI | C8: 265668 | D8: 250429 | E8: 516097 | F8: 126094 | G8: 120167 | H8: 246261 | I8: 84611 | J8: 113039 | K8: 197650 | L8: 118871 | M8: 136879 | N8: 255750 | O8: 508512 | P8: 475949 | Q8: 984461 | R8: 4374 | S8: 7732 | T8: 12106 | U8: 37164 | V8: 52338 | W8: 89502 | X8: 140205 | Y8: 139691 | Z8: 279896 | AA8: 14423 | AB8: 9785 | AC8: 24208 | AD8: 900 | AE8: 417 | AF8: 1317 | AG8: =E8+H8+K8+N8+Q8+T8+W8+Z8+AC8+AF8 -> 2607248
A9: 327501 | B9: BEKASI TIMUR | C9: 28733 | D9: 26878 | E9: 55611 | F9: 12821 | G9: 12144 | H9: 24965 | I9: 7525 | J9: 10491 | K9: 18016 | L9: 11595 | M9: 13995 | N9: 25590 | O9: 56316 | P9: 53717 | Q9: 110033 | R9: 558 | S9: 945 | T9: 1503 | U9: 4315 | V9: 5785 | W9: 10100 | X9: 14115 | Y9: 14206 | Z9: 28321 | AA9: 1227 | AB9: 841 | AC9: 2068 | AD9: 65 | AE9: 39 | AF9: 104
A10: 3275011001 | B10: BEKASIJAYA | C10: 6763 | D10: 6431 | E10: 13194 | F10: 3322 | G10: 3224 | H10: 6546 | I10: 2027 | J10: 2784 | K10: 4811 | L10: 3083 | M10: 3504 | N10: 6587 | O10: 12633 | P10: 12000 | Q10: 24633 | R10: 145 | S10: 246 | T10: 391 | U10: 967 | V10: 1368 | W10: 2335 | X10: 3654 | Y10: 3602 | Z10: 7256 | AA10: 349 | AB10: 254 | AC10: 603 | AD10: 20 | AE10: 7 | AF10: 27
A11: 3275011002 | B11: MARGAHAYU | C11: 6971 | D11: 6483 | E11: 13454 | F11: 3184 | G11: 2978 | H11: 6162 | I11: 2171 | J11: 2849 | K11: 5020 | L11: 3141 | M11: 3676 | N11: 6817 | O11: 13829 | P11: 12798 | Q11: 26627 | R11: 120 | S11: 198 | T11: 318 | U11: 891 | V11: 1196 | W11: 2087 | X11: 2811 | Y11: 2965 | Z11: 5776 | AA11: 284 | AB11: 183 | AC11: 467 | AD11: 18 | AE11: 13 | AF11: 31
A12: 3275011003 | B12: DURENJAYA | C12: 7863 | D12: 7410 | E12: 15273 | F12: 3350 | G12: 3151 | H12: 6501 | I12: 2029 | J12: 2922 | K12: 4951 | L12: 3133 | M12: 3833 | N12: 6966 | O12: 15785 | P12: 15109 | Q12: 30894 | R12: 146 | S12: 260 | T12: 406 | U12: 1225 | V12: 1598 | W12: 2823 | X12: 4028 | Y12: 4053 | Z12: 8081 | AA12: 348 | AB12: 250 | AC12: 598 | AD12: 15 | AE12: 10 | AF12: 25
A13: 3275011004 | B13: ARENJAYA | C13: 7136 | D13: 6554 | E13: 13690 | F13: 2965 | G13: 2791 | H13: 5756 | I13: 1298 | J13: 1936 | K13: 3234 | L13: 2238 | M13: 2982 | N13: 5220 | O13: 14069 | P13: 13810 | Q13: 27879 | R13: 147 | S13: 241 | T13: 388 | U13: 1232 | V13: 1623 | W13: 2855 | X13: 3622 | Y13: 3586 | Z13: 7208 | AA13: 246 | AB13: 154 | AC13: 400 | AD13: 12 | AE13: 9 | AF13: 21
A14: 327502 | B14: BEKASI BARAT | C14: 26151 | D14: 24211 | E14: 50362 | F14: 12600 | G14: 11813 | H14: 24413 | I14: 7988 | J14: 11102 | K14: 19090 | L14: 12148 | M14: 14264 | N14: 26412 | O14: 57151 | P14: 53781 | Q14: 110932 | R14: 412 | S14: 663 | T14: 1075 | U14: 3776 | V14: 5344 | W14: 9120 | X14: 14180 | Y14: 14203 | Z14: 28383 | AA14: 1343 | AB14: 1014 | AC14: 2357 | AD14: 80 | AE14: 32 | AF14: 112
A15: 3275021001 | B15: BINTARA | C15: 6151 | D15: 5680 | E15: 11831 | F15: 3122 | G15: 2889 | H15: 6011 | I15: 1861 | J15: 2559 | K15: 4420 | L15: 2903 | M15: 3484 | N15: 6387 | O15: 14042 | P15: 12920 | Q15: 26962 | R15: 109 | S15: 175 | T15: 284 | U15: 940 | V15: 1263 | W15: 2203 | X15: 3355 | Y15: 3445 | Z15: 6800 | AA15: 327 | AB15: 265 | AC15: 592 | AD15: 20 | AE15: 6 | AF15: 26
A16: 3275021002 | B16: KRANJI | C16: 4816 | D16: 4528 | E16: 9344 | F16: 2401 | G16: 2290 | H16: 4691 | I16: 1466 | J16: 2146 | K16: 3612 | L16: 2444 | M16: 2823 | N16: 5267 | O16: 11419 | P16: 10547 | Q16: 21966 | R16: 72 | S16: 108 | T16: 180 | U16: 548 | V16: 740 | W16: 1288 | X16: 1616 | Y16: 1712 | Z16: 3328 | AA16: 122 | AB16: 113 | AC16: 235 | AD16: 6 | AE16: 2 | AF16: 8
A17: 3275021003 | B17: KOTABARU | C17: 4564 | D17: 4225 | E17: 8789 | F17: 1981 | G17: 1720 | H17: 3701 | I17: 1135 | J17: 1577 | K17: 2712 | L17: 1772 | M17: 2116 | N17: 3888 | O17: 9562 | P17: 9253 | Q17: 18815 | R17: 80 | S17: 119 | T17: 199 | U17: 741 | V17: 979 | W17: 1720 | X17: 2698 | Y17: 2649 | Z17: 5347 | AA17: 194 | AB17: 143 | AC17: 337 | AD17: 8 | AE17: 6 | AF17: 14
A18: 3275021004 | B18: BINTARAJAYA | C18: 3537 | D18: 3211 | E18: 6748 | F18: 1520 | G18: 1484 | H18: 3004 | I18: 1136 | J18: 1519 | K18: 2655 | L18: 1588 | M18: 1900 | N18: 3488 | O18: 6932 | P18: 6670 | Q18: 13602 | R18: 59 | S18: 98 | T18: 157 | U18: 543 | V18: 793 | W18: 1336 | X18: 2175 | Y18: 2135 | Z18: 4310 | AA18: 218 | AB18: 132 | AC18: 350 | AD18: 11 | AE18: 5 | AF18: 16
A19: 3275021005 | B19: JAKASAMPURNA | C19: 7083 | D19: 6567 | E19: 13650 | F19: 3576 | G19: 3430 | H19: 7006 | I19: 2390 | J19: 3301 | K19: 5691 | L19: 3441 | M19: 3941 | N19: 7382 | O19: 15196 | P19: 14391 | Q19: 29587 | R19: 92 | S19: 163 | T19: 255 | U19: 1004 | V19: 1569 | W19: 2573 | X19: 4336 | Y19: 4262 | Z19: 8598 | AA19: 482 | AB19: 361 | AC19: 843 | AD19: 35 | AE19: 13 | AF19: 48
A20: 327503 | B20: BEKASI UTARA | C20: 33306 | D20: 30943 | E20: 64249 | F20: 15983 | G20: 15323 | H20: 31306 | I20: 12023 | J20: 15545 | K20: 27568 | L20: 15626 | M20: 18941 | N20: 34567 | O20: 71877 | P20: 65620 | Q20: 137497 | R20: 627 | S20: 1228 | T20: 1855 | U20: 5464 | V20: 7398 | W20: 12862 | X20: 18006 | Y20: 18070 | Z20: 36076 | AA20: 1521 | AB20: 1014 | AC20: 2535 | AD20: 80 | AE20: 27 | AF20: 107
... A76: 3275121004 | B76: JATIMURNI | C76: 2710 | D76: 2631 | E76: 5341 | F76: 1427 | G76: 1305 | H76: 2732 | I76: 1050 | J76: 1543 | K76: 2593 | L76: 1472 | M76: 1695 | N76: 3167 | O76: 5778 | P76: 5055 | Q76: 10833 | R76: 44 | S76: 66 | T76: 110 | U76: 386 | V76: 529 | W76: 915 | X76: 1342 | Y76: 1413 | Z76: 2755 | AA76: 134 | AB76: 88 | AC76: 222 | AD76: 13 | AE76: 4 | AF76: 17

Sheet JUMDUK PEKERJAAN
A1: JUMLAH PENDUDUK BERDASARKAN PEKERJAAN SESUAI DKB SEMESTER 1 TAHUN 2026
A3: IDEM | B3: KODE | C3: WILAYAH | D3: BELUM/TIDAK BEKERJA L | E3: BELUM/TIDAK BEKERJA P | F3: TOTAL | G3: MENGURUS RUMAH TANGGA L | H3: MENGURUS RUMAH TANGGA P | I3: TOTAL | J3: PELAJAR/MAHASISWA L | K3: PELAJAR/MAHASISWA P | L3: TOTAL | M3: PENSIUNAN L | N3: PENSIUNAN P | O3: TOTAL | P3: APARATUR SIPIL NEGARA (ASN) L | Q3: APARATUR SIPIL NEGARA (ASN) P | R3: TOTAL | S3: TENTARA NASIONAL INDONESIA (TNI) L | T3: TENTARA NASIONAL INDONESIA (TNI) P | U3: TOTAL | V3: KEPOLISIAN RI (POLRI) L | W3: KEPOLISIAN RI (POLRI) P | X3: TOTAL | Y3: PERDAGANGAN L | Z3: PERDAGANGAN P | AA3: TOTAL | AB3: PETANI/PEKEBUN L | AC3: PETANI/PEKEBUN P | AD3: TOTAL | AE3: PETERNAK L | AF3: PETERNAK P | AG3: TOTAL | AH3: NELAYAN/PERIKANAN L | AI3: NELAYAN/PERIKANAN P | AJ3: TOTAL | AK3: INDUSTRI L | AL3: INDUSTRI P | AM3: TOTAL | AN3: KONSTRUKSI L | AO3: KONSTRUKSI P | AP3: TOTAL | AQ3: TRANSPORTASI L | AR3: TRANSPORTASI P | AS3: TOTAL | AT3: KARYAWAN SWASTA L | AU3: KARYAWAN SWASTA P | AV3: TOTAL | AW3: KARYAWAN BUMN L | AX3: KARYAWAN BUMN P | AY3: TOTAL | AZ3: KARYAWAN BUMD L | BA3: KARYAWAN BUMD P | BB3: TOTAL | BC3: KARYAWAN HONORER L | BD3: KARYAWAN HONORER P | BE3: TOTAL | BF3: BURUH HARIAN LEPAS L | BG3: BURUH HARIAN LEPAS P | BH3: TOTAL | BI3: BURUH TANI/PERKEBUNAN L | BJ3: BURUH TANI/PERKEBUNAN P | BK3: TOTAL | BL3: BURUH NELAYAN/PERIKANAN L | BM3: BURUH NELAYAN/PERIKANAN P | BN3: TOTAL | BO3: BURUH PETERNAKAN L | BP3: BURUH PETERNAKAN P | BQ3: TOTAL | BR3: PEMBANTU RUMAH TANGGA L | BS3: PEMBANTU RUMAH TANGGA P | BT3: TOTAL | BU3: TUKANG CUKUR L | BV3: TUKANG CUKUR P | BW3: TOTAL | BX3: TUKANG LISTRIK L | BY3: TUKANG LISTRIK P | BZ3: TOTAL | CA3: TUKANG BATU L | CB3: TUKANG BATU P | CC3: TOTAL | CD3: TUKANG KAYU L | CE3: TUKANG KAYU P | CF3: TOTAL | CG3: TUKANG SOL SEPATU L | CH3: TUKANG SOL SEPATU P | CI3: TOTAL | CJ3: TUKANG LAS/PANDAI BESI L | CK3: TUKANG LAS/PANDAI BESI P | CL3: TOTAL | CM3: TUKANG JAHIT L | CN3: TUKANG JAHIT P | CO3: TOTAL | CP3: TUKANG GIGI L | CQ3: TUKANG GIGI P | CR3: TOTAL | CS3: PENATA RIAS L | CT3: PENATA RIAS P | CU3: TOTAL | CV3: PENATA BUSANA L | CW3: PENATA BUSANA P | CX3: TOTAL | CY3: PENATA RAMBUT L | CZ3: PENATA RAMBUT P | DA3: TOTAL | DB3: MEKANIK L | DC3: MEKANIK P | DD3: TOTAL | DE3: SENIMAN L | DF3: SENIMAN P | DG3: TOTAL | DH3: TABIB L | DI3: TABIB P | DJ3: TOTAL | DK3: PARAJI L | DL3: PARAJI P | DM3: TOTAL | DN3: PERANCANG BUSANA L | DO3: PERANCANG BUSANA P | DP3: TOTAL | DQ3: PENTERJEMAH L | DR3: PENTERJEMAH P | DS3: TOTAL | DT3: IMAM MASJID L | DU3: IMAM MASJID P | DV3: TOTAL | DW3: PENDETA L | DX3: PENDETA P | DY3: TOTAL | DZ3: PASTOR L | EA3: PASTOR P | EB3: TOTAL | EC3: WARTAWAN L | ED3: WARTAWAN P | EE3: TOTAL | EF3: USTADZ/MUBALIGH L | EG3: USTADZ/MUBALIGH P | EH3: TOTAL | EI3: JURU MASAK L | EJ3: JURU MASAK P | EK3: TOTAL | EL3: PROMOTOR ACARA L | EM3: PROMOTOR ACARA P | EN3: TOTAL | EO3: ANGGOTA DPR RI L | EP3: ANGGOTA DPR RI P | EQ3: TOTAL | ER3: ANGGOTA DPD RI L | ES3: ANGGOTA DPD RI P | ET3: TOTAL | EU3: ANGGOTA BPK L | EV3: ANGGOTA BPK P | EW3: TOTAL | EX3: PRESIDEN L | EY3: PRESIDEN P | EZ3: TOTAL | FA3: WAKIL PRESIDEN L | FB3: WAKIL PRESIDEN P | FC3: TOTAL | FD3: ANGGOTA MAHKAMAH KONSTITUSI L | FE3: ANGGOTA MAHKAMAH KONSTITUSI P | FF3: TOTAL | FG3: ANGGOTA KABINET KEMENTRIAN L | FH3: ANGGOTA KABINET KEMENTRIAN P | FI3: TOTAL | FJ3: DUTA BESAR L | FK3: DUTA BESAR P | FL3: TOTAL | FM3: GUBERNUR L | FN3: GUBERNUR P | FO3: TOTAL | FP3: WAKIL GUBERNUR L | FQ3: WAKIL GUBERNUR P | FR3: TOTAL | FS3: BUPATI L | FT3: BUPATI P | FU3: TOTAL | FV3: WAKIL BUPATI L | FW3: WAKIL BUPATI P | FX3: TOTAL | FY3: WALIKOTA L | FZ3: WALIKOTA P | GA3: TOTAL | GB3: WAKIL WALIKOTA L | GC3: WAKIL WALIKOTA P | GD3: TOTAL | GE3: ANGGOTA DPRD PROP. L | GF3: ANGGOTA DPRD PROP. P | GG3: TOTAL | GH3: ANGGOTA DPRD KAB./KOTA L | GI3: ANGGOTA DPRD KAB./KOTA P | GJ3: TOTAL | GK3: DOSEN L | GL3: DOSEN P | GM3: TOTAL | GN3: GURU L | GO3: GURU P | GP3: TOTAL | GQ3: PILOT L | GR3: PILOT P | GS3: TOTAL | GT3: PENGACARA L | GU3: PENGACARA P | GV3: TOTAL | GW3: NOTARIS L | GX3: NOTARIS P | GY3: TOTAL | GZ3: ARSITEK L | HA3: ARSITEK P | HB3: TOTAL | HC3: AKUNTAN L | HD3: AKUNTAN P | HE3: TOTAL | HF3: KONSULTAN L | HG3: KONSULTAN P | HH3: TOTAL | HI3: DOKTER L | HJ3: DOKTER P | HK3: TOTAL | HL3: BIDAN L | HM3: BIDAN P | HN3: TOTAL | HO3: PERAWAT L | HP3: PERAWAT P | HQ3: TOTAL | HR3: APOTEKER L | HS3: APOTEKER P | HT3: TOTAL | HU3: PSIKIATER/PSIKOLOG L | HV3: PSIKIATER/PSIKOLOG P | HW3: TOTAL | HX3: PENYIAR TELEVISI L | HY3: PENYIAR TELEVISI P | HZ3: TOTAL | IA3: PENYIAR RADIO L | IB3: PENYIAR RADIO P | IC3: TOTAL | ID3: PELAUT L | IE3: PELAUT P | IF3: TOTAL | IG3: PENELITI L | IH3: PENELITI P | II3: TOTAL | IJ3: SOPIR L | IK3: SOPIR P | IL3: TOTAL | IM3: PIALANG L | IN3: PIALANG P | IO3: TOTAL | IP3: PARANORMAL L | IQ3: PARANORMAL P | IR3: TOTAL | IS3: PEDAGANG L | IT3: PEDAGANG P | IU3: TOTAL | IV3: PERANGKAT DESA L | IW3: PERANGKAT DESA P | IX3: TOTAL | IY3: KEPALA DESA L | IZ3: KEPALA DESA P | JA3: TOTAL | JB3: BIARAWAN/BIARAWATI L | JC3: BIARAWAN/BIARAWATI P | JD3: TOTAL | JE3: WIRASWASTA L | JF3: WIRASWASTA P | JG3: TOTAL | JH3: ANGGOTA LEMBAGA TINGGI LAINNYA L | JI3: ANGGOTA LEMBAGA TINGGI LAINNYA P | JJ3: TOTAL | JK3: ARTIS L | JL3: ARTIS P | JM3: TOTAL | JN3: ATLIT L | JO3: ATLIT P | JP3: TOTAL | JQ3: CHEFF L | JR3: CHEFF P | JS3: TOTAL | JT3: MANAJER L | JU3: MANAJER P | JV3: TOTAL | JW3: TENAGA TATA USAHA L | JX3: TENAGA TATA USAHA P | JY3: TOTAL | JZ3: OPERATOR L | KA3: OPERATOR P | KB3: TOTAL | KC3: PEKERJA PENGOLAHAN KERAJINAN L | KD3: PEKERJA PENGOLAHAN KERAJINAN P | KE3: TOTAL | KF3: TEKNISI L | KG3: TEKNISI P | KH3: TOTAL | KI3: ASISTEN AHLI L | KJ3: ASISTEN AHLI P | KK3: TOTAL | KL3: GEMBALA L | KM3: GEMBALA P | KN3: TOTAL | KO3: BIARAWAN L | KP3: BIARAWAN P | KQ3: TOTAL | KR3: PANDITA L | KS3: PANDITA P | KT3: TOTAL | KU3: PINANDITA L | KV3: PINANDITA P | KW3: TOTAL | KX3: BHIKKHU L | KY3: BHIKKHU P | KZ3: TOTAL | LA3: XUESHI L | LB3: XUESHI P | LC3: TOTAL | LD3: WENSI L | LE3: WENSI P | LF3: TOTAL | LG3: JIAOSHENG L | LH3: JIAOSHENG P | LI3: TOTAL | LJ3: LAINNYA L | LK3: LAINNYA P | LL3: TOTAL
A4: 2 | B4: 3275 | C4: KOTA BEKASI | D4: 279231 | E4: 253945 | F4: =D4+E4 -> 533176 | G4: 238 | H4: 462978 | I4: =G4+H4 -> 463216 | J4: 328986 | K4: 284108 | L4: =J4+K4 -> 613094 | M4: 15845 | N4: 6415 | O4: =M4+N4 -> 22260 | P4: 21556 | Q4: 18575 | R4: =P4+Q4 -> 40131 | S4: 6700 | T4: 515 | U4: =S4+T4 -> 7215 | V4: 3858 | W4: 370 | X4: =V4+W4 -> 4228 | Y4: 7021 | Z4: 1807 | AA4: =Y4+Z4 -> 8828 | AB4: 2329 | AC4: 546 | AD4: =AB4+AC4 -> 2875 | AE4: 104 | AF4: 11 | AG4: =AE4+AF4 -> 115 | AH4: 66 | AI4: 0 | AJ4: =AH4+AI4 -> 66 | AK4: 2201 | AL4: 377 | AM4: =AK4+AL4 -> 2578 | AN4: 673 | AO4: 22 | AP4: =AN4+AO4 -> 695 | AQ4: 1534 | AR4: 23 | AS4: =AQ4+AR4 -> 1557 | AT4: 404669 | AU4: 203320 | AV4: =AT4+AU4 -> 607989 | AW4: 8982 | AX4: 4629 | AY4: =AW4+AX4 -> 13611 | AZ4: 594 | BA4: 383 | BB4: =AZ4+BA4 -> 977 | BC4: 2596 | BD4: 1634 | BE4: =BC4+BD4 -> 4230 | BF4: 36078 | BG4: 1706 | BH4: =BF4+BG4 -> 37784 | BI4: 1300 | BJ4: 144 | BK4: =BI4+BJ4 -> 1444 | BL4: 27 | BM4: 1 | BN4: =BL4+BM4 -> 28 | BO4: 37 | BP4: 5 | BQ4: =BO4+BP4 -> 42 | BR4: 19 | BS4: 613 | BT4: =BR4+BS4 -> 632 | BU4: 22 | BV4: 0 | BW4: =BU4+BV4 -> 22 | BX4: 80 | BY4: 2 | BZ4: =BX4+BY4 -> 82 | CA4: 321 | CB4: 0 | CC4: =CA4+CB4 -> 321 | CD4: 119 | CE4: 0 | CF4: =CD4+CE4 -> 119 | CG4: 9 | CH4: 0 | CI4: =CG4+CH4 -> 9 | CJ4: 92 | CK4: 1 | CL4: =CJ4+CK4 -> 93 | CM4: 192 | CN4: 152 | CO4: =CM4+CN4 -> 344 | CP4: 8 | CQ4: 2 | CR4: =CP4+CQ4 -> 10 | CS4: 7 | CT4: 77 | CU4: =CS4+CT4 -> 84 | CV4: 3 | CW4: 11 | CX4: =CV4+CW4 -> 14 | CY4: 14 | CZ4: 63 | DA4: =CY4+CZ4 -> 77 | DB4: 540 | DC4: 1 | DD4: =DB4+DC4 -> 541 | DE4: 508 | DF4: 107 | DG4: =DE4+DF4 -> 615 | DH4: 16 | DI4: 2 | DJ4: =DH4+DI4 -> 18 | DK4: 4 | DL4: 12 | DM4: =DK4+DL4 -> 16 | DN4: 3 | DO4: 11 | DP4: =DN4+DO4 -> 14 | DQ4: 7 | DR4: 11 | DS4: =DQ4+DR4 -> 18 | DT4: 27 | DU4: 0 | DV4: =DT4+DU4 -> 27 | DW4: 475 | DX4: 169 | DY4: =DW4+DX4 -> 644 | DZ4: 23 | EA4: 1 | EB4: =DZ4+EA4 -> 24 | EC4: 869 | ED4: 153 | EE4: =EC4+ED4 -> 1022 | EF4: 192 | EG4: 42 | EH4: =EF4+EG4 -> 234 | EI4: 30 | EJ4: 27 | EK4: =EI4+EJ4 -> 57 | EL4: 4 | EM4: 0 | EN4: =EL4+EM4 -> 4 | EO4: 11 | EP4: 2 | EQ4: =EO4+EP4 -> 13 | ER4: 3 | ES4: 0 | ET4: =ER4+ES4 -> 3 | EU4: 1 | EV4: 2 | EW4: =EU4+EV4 -> 3 | EX4: 0 | EY4: 0 | EZ4: =EX4+EY4 -> 0 | FA4: 0 | FB4: 0 | FC4: =FA4+FB4 -> 0 | FD4: 5 | FE4: 0 | FF4: =FD4+FE4 -> 5 | FG4: 0 | FH4: 0 | FI4: =FG4+FH4 -> 0 | FJ4: 0 | FK4: 0 | FL4: =FJ4+FK4 -> 0 | FM4: 0 | FN4: 0 | FO4: =FM4+FN4 -> 0 | FP4: 1 | FQ4: 0 | FR4: =FP4+FQ4 -> 1 | FS4: 0 | FT4: 0 | FU4: =FS4+FT4 -> 0 | FV4: 0 | FW4: 0 | FX4: =FV4+FW4 -> 0 | FY4: 1 | FZ4: 0 | GA4: =FY4+FZ4 -> 1 | GB4: 1 | GC4: 0 | GD4: =GB4+GC4 -> 1 | GE4: 1 | GF4: 1 | GG4: =GE4+GF4 -> 2 | GH4: 29 | GI4: 4 | GJ4: =GH4+GI4 -> 33 | GK4: 1232 | GL4: 1131 | GM4: =GK4+GL4 -> 2363 | GN4: 6966 | GO4: 18350 | GP4: =GN4+GO4 -> 25316 | GQ4: 269 | GR4: 9 | GS4: =GQ4+GR4 -> 278 | GT4: 600 | GU4: 108 | GV4: =GT4+GU4 -> 708 | GW4: 65 | GX4: 108 | GY4: =GW4+GX4 -> 173 | GZ4: 134 | HA4: 48 | HB4: =GZ4+HA4 -> 182 | HC4: 54 | HD4: 39 | HE4: =HC4+HD4 -> 93 | HF4: 254 | HG4: 65 | HH4: =HF4+HG4 -> 319 | HI4: 1416 | HJ4: 3315 | HK4: =HI4+HJ4 -> 4731 | HL4: 0 | HM4: 1849 | HN4: =HL4+HM4 -> 1849 | HO4: 401 | HP4: 3056 | HQ4: =HO4+HP4 -> 3457 | HR4: 62 | HS4: 364 | HT4: =HR4+HS4 -> 426 | HU4: 8 | HV4: 76 | HW4: =HU4+HV4 -> 84 | HX4: 3 | HY4: 4 | HZ4: =HX4+HY4 -> 7 | IA4: 3 | IB4: 6 | IC4: =IA4+IB4 -> 9 | ID4: 1011 | IE4: 7 | IF4: =ID4+IE4 -> 1018 | IG4: 39 | IH4: 18 | II4: =IG4+IH4 -> 57 | IJ4: 3912 | IK4: 3 | IL4: =IJ4+IK4 -> 3915 | IM4: 11 | IN4: 4 | IO4: =IM4+IN4 -> 15 | IP4: 6 | IQ4: 2 | IR4: =IP4+IQ4 -> 8 | IS4: 7835 | IT4: 2288 | IU4: =IS4+IT4 -> 10123 | IV4: 41 | IW4: 9 | IX4: =IV4+IW4 -> 50 | IY4: 3 | IZ4: 0 | JA4: =IY4+IZ4 -> 3 | JB4: 3 | JC4: 45 | JD4: =JB4+JC4 -> 48 | JE4: 148155 | JF4: 32496 | JG4: =JE4+JF4 -> 180651 | JH4: 45 | JI4: 34 | JJ4: =JH4+JI4 -> 79 | JK4: 3 | JL4: 1 | JM4: =JK4+JL4 -> 4 | JN4: 9 | JO4: 3 | JP4: =JN4+JO4 -> 12 | JQ4: 2 | JR4: 0 | JS4: =JQ4+JR4 -> 2 | JT4: 1 | JU4: 1 | JV4: =JT4+JU4 -> 2 | JW4: 2 | JX4: 1 | JY4: =JW4+JX4 -> 3 | JZ4: 0 | KA4: 0 | KB4: =JZ4+KA4 -> 0 | KC4: 0 | KD4: 0 | KE4: =KC4+KD4 -> 0 | KF4: 4 | KG4: 1 | KH4: =KF4+KG4 -> 5 | KI4: 0 | KJ4: 0 | KK4: =KI4+KJ4 -> 0 | KL4: 0 | KM4: 0 | KN4: =KL4+KM4 -> 0 | KO4: 0 | KP4: 0 | KQ4: =KO4+KP4 -> 0 | KR4: 0 | KS4: 0 | KT4: =KR4+KS4 -> 0 | KU4: 0 | KV4: 0 | KW4: =KU4+KV4 -> 0 | KX4: 0 | KY4: 0 | KZ4: =KX4+KY4 -> 0 | LA4: 0 | LB4: 0 | LC4: =LA4+LB4 -> 0 | LD4: 0 | LE4: 0 | LF4: =LD4+LE4 -> 0 | LG4: 0 | LH4: 0 | LI4: =LG4+LH4 -> 0 | LJ4: 11 | LK4: 5 | LL4: =LJ4+LK4 -> 16 | LM4: =F4+I4+L4+O4+R4+U4+X4+AA4+AD4+AG4+AJ4+AM4+AP4+AS4+AV4+AY4+BB4+BE4+BH4+BK4+BN4+BQ4+BT4+BW4+BZ4+CC4+CF4+CI4+CL4+CO4+CR4+CU4+CX4+DA4+DD4+DG4+DJ4+DM4+DP4+DS4+DV4+DY4+EB4+EE4+EH4+EK4+EN4+EQ4+ET4+EW4+EZ4+FC4+FF4+FI4+FL4+FO4+FR4+FU4+FX4+GA4+GD4+GG4+GJ4+GM4+GP4+GS4+GV4+GY4+HB4+HE4+HH4+HK4+HN4+HQ4+HT4+HW4+HZ4+IC4+IF4+II4+IL4+IO4+IR4+IU4+IX4+JA4+JD4+JG4+JJ4+JM4+JP4+JS4+JV4+JY4+KB4+KE4+KH4+KK4+LL4 -> 2607248
A5: 3 | B5: 327501 | C5: BEKASI TIMUR | D5: 30755 | E5: 27690 | F5: =D5+E5 -> 58445 | G5: 28 | H5: 47912 | I5: =G5+H5 -> 47940 | J5: 33341 | K5: 28889 | L5: =J5+K5 -> 62230 | M5: 2178 | N5: 805 | O5: =M5+N5 -> 2983 | P5: 2544 | Q5: 2271 | R5: =P5+Q5 -> 4815 | S5: 225 | T5: 18 | U5: =S5+T5 -> 243 | V5: 308 | W5: 20 | X5: =V5+W5 -> 328 | Y5: 522 | Z5: 167 | AA5: =Y5+Z5 -> 689 | AB5: 121 | AC5: 50 | AD5: =AB5+AC5 -> 171 | AE5: 5 | AF5: 0 | AG5: =AE5+AF5 -> 5 | AH5: 4 | AI5: 0 | AJ5: =AH5+AI5 -> 4 | AK5: 28 | AL5: 8 | AM5: =AK5+AL5 -> 36 | AN5: 33 | AO5: 2 | AP5: =AN5+AO5 -> 35 | AQ5: 91 | AR5: 3 | AS5: =AQ5+AR5 -> 94 | AT5: 41114 | AU5: 22782 | AV5: =AT5+AU5 -> 63896 | AW5: 1010 | AX5: 486 | AY5: =AW5+AX5 -> 1496 | AZ5: 88 | BA5: 61 | BB5: =AZ5+BA5 -> 149 | BC5: 401 | BD5: 262 | BE5: =BC5+BD5 -> 663 | BF5: 3659 | BG5: 209 | BH5: =BF5+BG5 -> 3868 | BI5: 63 | BJ5: 12 | BK5: =BI5+BJ5 -> 75 | BL5: 0 | BM5: 0 | BN5: =BL5+BM5 -> 0 | BO5: 1 | BP5: 1 | BQ5: =BO5+BP5 -> 2 | BR5: 1 | BS5: 81 | BT5: =BR5+BS5 -> 82 | BU5: 5 | BV5: 0 | BW5: =BU5+BV5 -> 5 | BX5: 9 | BY5: 2 | BZ5: =BX5+BY5 -> 11 | CA5: 45 | CB5: 0 | CC5: =CA5+CB5 -> 45 | CD5: 9 | CE5: 0 | CF5: =CD5+CE5 -> 9 | CG5: 0 | CH5: 0 | CI5: =CG5+CH5 -> 0 | CJ5: 17 | CK5: 0 | CL5: =CJ5+CK5 -> 17 | CM5: 27 | CN5: 28 | CO5: =CM5+CN5 -> 55 | CP5: 1 | CQ5: 1 | CR5: =CP5+CQ5 -> 2 | CS5: 1 | CT5: 21 | CU5: =CS5+CT5 -> 22 | CV5: 0 | CW5: 1 | CX5: =CV5+CW5 -> 1 | CY5: 4 | CZ5: 8 | DA5: =CY5+CZ5 -> 12 | DB5: 81 | DC5: 0 | DD5: =DB5+DC5 -> 81 | DE5: 56 | DF5: 9 | DG5: =DE5+DF5 -> 65 | DH5: 5 | DI5: 1 | DJ5: =DH5+DI5 -> 6 | DK5: 0 | DL5: 4 | DM5: =DK5+DL5 -> 4 | DN5: 0 | DO5: 3 | DP5: =DN5+DO5 -> 3 | DQ5: 2 | DR5: 2 | DS5: =DQ5+DR5 -> 4 | DT5: 6 | DU5: 0 | DV5: =DT5+DU5 -> 6 | DW5: 59 | DX5: 28 | DY5: =DW5+DX5 -> 87 | DZ5: 4 | EA5: 0 | EB5: =DZ5+EA5 -> 4 | EC5: 84 | ED5: 18 | EE5: =EC5+ED5 -> 102 | EF5: 24 | EG5: 6 | EH5: =EF5+EG5 -> 30 | EI5: 4 | EJ5: 7 | EK5: =EI5+EJ5 -> 11 | EL5: 0 | EM5: 0 | EN5: =EL5+EM5 -> 0 | EO5: 0 | EP5: 0 | EQ5: =EO5+EP5 -> 0 | ER5: 0 | ES5: 0 | ET5: =ER5+ES5 -> 0 | EU5: 0 | EV5: 0 | EW5: =EU5+EV5 -> 0 | EX5: 0 | EY5: 0 | EZ5: =EX5+EY5 -> 0 | FA5: 0 | FB5: 0 | FC5: =FA5+FB5 -> 0 | FD5: 0 | FE5: 0 | FF5: =FD5+FE5 -> 0 | FG5: 0 | FH5: 0 | FI5: =FG5+FH5 -> 0 | FJ5: 0 | FK5: 0 | FL5: =FJ5+FK5 -> 0 | FM5: 0 | FN5: 0 | FO5: =FM5+FN5 -> 0 | FP5: 0 | FQ5: 0 | FR5: =FP5+FQ5 -> 0 | FS5: 0 | FT5: 0 | FU5: =FS5+FT5 -> 0 | FV5: 0 | FW5: 0 | FX5: =FV5+FW5 -> 0 | FY5: 1 | FZ5: 0 | GA5: =FY5+FZ5 -> 1 | GB5: 0 | GC5: 0 | GD5: =GB5+GC5 -> 0 | GE5: 0 | GF5: 0 | GG5: =GE5+GF5 -> 0 | GH5: 2 | GI5: 0 | GJ5: =GH5+GI5 -> 2 | GK5: 134 | GL5: 128 | GM5: =GK5+GL5 -> 262 | GN5: 706 | GO5: 1961 | GP5: =GN5+GO5 -> 2667 | GQ5: 6 | GR5: 0 | GS5: =GQ5+GR5 -> 6 | GT5: 50 | GU5: 13 | GV5: =GT5+GU5 -> 63 | GW5: 7 | GX5: 6 | GY5: =GW5+GX5 -> 13 | GZ5: 12 | HA5: 4 | HB5: =GZ5+HA5 -> 16 | HC5: 7 | HD5: 3 | HE5: =HC5+HD5 -> 10 | HF5: 25 | HG5: 9 | HH5: =HF5+HG5 -> 34 | HI5: 147 | HJ5: 294 | HK5: =HI5+HJ5 -> 441 | HL5: 0 | HM5: 206 | HN5: =HL5+HM5 -> 206 | HO5: 32 | HP5: 373 | HQ5: =HO5+HP5 -> 405 | HR5: 10 | HS5: 48 | HT5: =HR5+HS5 -> 58 | HU5: 2 | HV5: 3 | HW5: =HU5+HV5 -> 5 | HX5: 0 | HY5: 0 | HZ5: =HX5+HY5 -> 0 | IA5: 1 | IB5: 1 | IC5: =IA5+IB5 -> 2 | ID5: 123 | IE5: 0 | IF5: =ID5+IE5 -> 123 | IG5: 1 | IH5: 4 | II5: =IG5+IH5 -> 5 | IJ5: 442 | IK5: 0 | IL5: =IJ5+IK5 -> 442 | IM5: 4 | IN5: 2 | IO5: =IM5+IN5 -> 6 | IP5: 0 | IQ5: 0 | IR5: =IP5+IQ5 -> 0 | IS5: 1170 | IT5: 376 | IU5: =IS5+IT5 -> 1546 | IV5: 4 | IW5: 3 | IX5: =IV5+IW5 -> 7 | IY5: 0 | IZ5: 0 | JA5: =IY5+IZ5 -> 0 | JB5: 1 | JC5: 0 | JD5: =JB5+JC5 -> 1 | JE5: 17413 | JF5: 3736 | JG5: =JE5+JF5 -> 21149 | JH5: 5 | JI5: 0 | JJ5: =JH5+JI5 -> 5 | JK5: 0 | JL5: 0 | JM5: =JK5+JL5 -> 0 | JN5: 1 | JO5: 1 | JP5: =JN5+JO5 -> 2 | JQ5: 0 | JR5: 0 | JS5: =JQ5+JR5 -> 0 | JT5: 0 | JU5: 0 | JV5: =JT5+JU5 -> 0 | JW5: 0 | JX5: 1 | JY5: =JW5+JX5 -> 1 | JZ5: 0 | KA5: 0 | KB5: =JZ5+KA5 -> 0 | KC5: 0 | KD5: 0 | KE5: =KC5+KD5 -> 0 | KF5: 0 | KG5: 0 | KH5: =KF5+KG5 -> 0 | KI5: 0 | KJ5: 0 | KK5: =KI5+KJ5 -> 0 | KL5: 0 | KM5: 0 | KN5: =KL5+KM5 -> 0 | KO5: 0 | KP5: 0 | KQ5: =KO5+KP5 -> 0 | KR5: 0 | KS5: 0 | KT5: =KR5+KS5 -> 0 | KU5: 0 | KV5: 0 | KW5: =KU5+KV5 -> 0 | KX5: 0 | KY5: 0 | KZ5: =KX5+KY5 -> 0 | LA5: 0 | LB5: 0 | LC5: =LA5+LB5 -> 0 | LD5: 0 | LE5: 0 | LF5: =LD5+LE5 -> 0 | LG5: 0 | LH5: 0 | LI5: =LG5+LH5 -> 0 | LJ5: 1 | LK5: 1 | LL5: =LJ5+LK5 -> 2
A6: 4 | B6: 3275011001 | C6: BEKASIJAYA | D6: 7208 | E6: 6592 | F6: =D6+E6 -> 13800 | G6: 9 | H6: 11545 | I6: =G6+H6 -> 11554 | J6: 8431 | K6: 7167 | L6: =J6+K6 -> 15598 | M6: 480 | N6: 179 | O6: =M6+N6 -> 659 | P6: 604 | Q6: 548 | R6: =P6+Q6 -> 1152 | S6: 41 | T6: 5 | U6: =S6+T6 -> 46 | V6: 64 | W6: 3 | X6: =V6+W6 -> 67 | Y6: 138 | Z6: 40 | AA6: =Y6+Z6 -> 178 | AB6: 23 | AC6: 15 | AD6: =AB6+AC6 -> 38 | AE6: 2 | AF6: 0 | AG6: =AE6+AF6 -> 2 | AH6: 0 | AI6: 0 | AJ6: =AH6+AI6 -> 0 | AK6: 10 | AL6: 4 | AM6: =AK6+AL6 -> 14 | AN6: 7 | AO6: 1 | AP6: =AN6+AO6 -> 8 | AQ6: 11 | AR6: 0 | AS6: =AQ6+AR6 -> 11 | AT6: 9508 | AU6: 5363 | AV6: =AT6+AU6 -> 14871 | AW6: 301 | AX6: 131 | AY6: =AW6+AX6 -> 432 | AZ6: 27 | BA6: 10 | BB6: =AZ6+BA6 -> 37 | BC6: 102 | BD6: 67 | BE6: =BC6+BD6 -> 169 | BF6: 860 | BG6: 47 | BH6: =BF6+BG6 -> 907 | BI6: 13 | BJ6: 3 | BK6: =BI6+BJ6 -> 16 | BL6: 0 | BM6: 0 | BN6: =BL6+BM6 -> 0 | BO6: 0 | BP6: 0 | BQ6: =BO6+BP6 -> 0 | BR6: 0 | BS6: 27 | BT6: =BR6+BS6 -> 27 | BU6: 0 | BV6: 0 | BW6: =BU6+BV6 -> 0 | BX6: 1 | BY6: 1 | BZ6: =BX6+BY6 -> 2 | CA6: 15 | CB6: 0 | CC6: =CA6+CB6 -> 15 | CD6: 2 | CE6: 0 | CF6: =CD6+CE6 -> 2 | CG6: 0 | CH6: 0 | CI6: =CG6+CH6 -> 0 | CJ6: 7 | CK6: 0 | CL6: =CJ6+CK6 -> 7 | CM6: 8 | CN6: 4 | CO6: =CM6+CN6 -> 12 | CP6: 1 | CQ6: 0 | CR6: =CP6+CQ6 -> 1 | CS6: 0 | CT6: 2 | CU6: =CS6+CT6 -> 2 | CV6: 0 | CW6: 0 | CX6: =CV6+CW6 -> 0 | CY6: 1 | CZ6: 2 | DA6: =CY6+CZ6 -> 3 | DB6: 26 | DC6: 0 | DD6: =DB6+DC6 -> 26 | DE6: 16 | DF6: 2 | DG6: =DE6+DF6 -> 18 | DH6: 0 | DI6: 0 | DJ6: =DH6+DI6 -> 0 | DK6: 0 | DL6: 1 | DM6: =DK6+DL6 -> 1 | DN6: 0 | DO6: 2 | DP6: =DN6+DO6 -> 2 | DQ6: 1 | DR6: 1 | DS6: =DQ6+DR6 -> 2 | DT6: 4 | DU6: 0 | DV6: =DT6+DU6 -> 4 | DW6: 11 | DX6: 8 | DY6: =DW6+DX6 -> 19 | DZ6: 1 | EA6: 0 | EB6: =DZ6+EA6 -> 1 | EC6: 10 | ED6: 6 | EE6: =EC6+ED6 -> 16 | EF6: 10 | EG6: 1 | EH6: =EF6+EG6 -> 11 | EI6: 3 | EJ6: 2 | EK6: =EI6+EJ6 -> 5 | EL6: 0 | EM6: 0 | EN6: =EL6+EM6 -> 0 | EO6: 0 | EP6: 0 | EQ6: =EO6+EP6 -> 0 | ER6: 0 | ES6: 0 | ET6: =ER6+ES6 -> 0 | EU6: 0 | EV6: 0 | EW6: =EU6+EV6 -> 0 | EX6: 0 | EY6: 0 | EZ6: =EX6+EY6 -> 0 | FA6: 0 | FB6: 0 | FC6: =FA6+FB6 -> 0 | FD6: 0 | FE6: 0 | FF6: =FD6+FE6 -> 0 | FG6: 0 | FH6: 0 | FI6: =FG6+FH6 -> 0 | FJ6: 0 | FK6: 0 | FL6: =FJ6+FK6 -> 0 | FM6: 0 | FN6: 0 | FO6: =FM6+FN6 -> 0 | FP6: 0 | FQ6: 0 | FR6: =FP6+FQ6 -> 0 | FS6: 0 | FT6: 0 | FU6: =FS6+FT6 -> 0 | FV6: 0 | FW6: 0 | FX6: =FV6+FW6 -> 0 | FY6: 0 | FZ6: 0 | GA6: =FY6+FZ6 -> 0 | GB6: 0 | GC6: 0 | GD6: =GB6+GC6 -> 0 | GE6: 0 | GF6: 0 | GG6: =GE6+GF6 -> 0 | GH6: 0 | GI6: 0 | GJ6: =GH6+GI6 -> 0 | GK6: 34 | GL6: 30 | GM6: =GK6+GL6 -> 64 | GN6: 152 | GO6: 420 | GP6: =GN6+GO6 -> 572 | GQ6: 0 | GR6: 0 | GS6: =GQ6+GR6 -> 0 | GT6: 16 | GU6: 3 | GV6: =GT6+GU6 -> 19 | GW6: 2 | GX6: 3 | GY6: =GW6+GX6 -> 5 | GZ6: 2 | HA6: 3 | HB6: =GZ6+HA6 -> 5 | HC6: 0 | HD6: 0 | HE6: =HC6+HD6 -> 0 | HF6: 6 | HG6: 4 | HH6: =HF6+HG6 -> 10 | HI6: 44 | HJ6: 86 | HK6: =HI6+HJ6 -> 130 | HL6: 0 | HM6: 47 | HN6: =HL6+HM6 -> 47 | HO6: 7 | HP6: 78 | HQ6: =HO6+HP6 -> 85 | HR6: 0 | HS6: 13 | HT6: =HR6+HS6 -> 13 | HU6: 0 | HV6: 0 | HW6: =HU6+HV6 -> 0 | HX6: 0 | HY6: 0 | HZ6: =HX6+HY6 -> 0 | IA6: 1 | IB6: 0 | IC6: =IA6+IB6 -> 1 | ID6: 29 | IE6: 0 | IF6: =ID6+IE6 -> 29 | IG6: 0 | IH6: 1 | II6: =IG6+IH6 -> 1 | IJ6: 104 | IK6: 0 | IL6: =IJ6+IK6 -> 104 | IM6: 1 | IN6: 0 | IO6: =IM6+IN6 -> 1 | IP6: 0 | IQ6: 0 | IR6: =IP6+IQ6 -> 0 | IS6: 247 | IT6: 80 | IU6: =IS6+IT6 -> 327 | IV6: 0 | IW6: 0 | IX6: =IV6+IW6 -> 0 | IY6: 0 | IZ6: 0 | JA6: =IY6+IZ6 -> 0 | JB6: 0 | JC6: 0 | JD6: =JB6+JC6 -> 0 | JE6: 4361 | JF6: 873 | JG6: =JE6+JF6 -> 5234 | JH6: 0 | JI6: 0 | JJ6: =JH6+JI6 -> 0 | JK6: 0 | JL6: 0 | JM6: =JK6+JL6 -> 0 | JN6: 0 | JO6: 0 | JP6: =JN6+JO6 -> 0 | JQ6: 0 | JR6: 0 | JS6: =JQ6+JR6 -> 0 | JT6: 0 | JU6: 0 | JV6: =JT6+JU6 -> 0 | JW6: 0 | JX6: 0 | JY6: =JW6+JX6 -> 0 | JZ6: 0 | KA6: 0 | KB6: =JZ6+KA6 -> 0 | KC6: 0 | KD6: 0 | KE6: =KC6+KD6 -> 0 | KF6: 0 | KG6: 0 | KH6: =KF6+KG6 -> 0 | KI6: 0 | KJ6: 0 | KK6: =KI6+KJ6 -> 0 | KL6: 0 | KM6: 0 | KN6: =KL6+KM6 -> 0 | KO6: 0 | KP6: 0 | KQ6: =KO6+KP6 -> 0 | KR6: 0 | KS6: 0 | KT6: =KR6+KS6 -> 0 | KU6: 0 | KV6: 0 | KW6: =KU6+KV6 -> 0 | KX6: 0 | KY6: 0 | KZ6: =KX6+KY6 -> 0 | LA6: 0 | LB6: 0 | LC6: =LA6+LB6 -> 0 | LD6: 0 | LE6: 0 | LF6: =LD6+LE6 -> 0 | LG6: 0 | LH6: 0 | LI6: =LG6+LH6 -> 0 | LJ6: 1 | LK6: 0 | LL6: =LJ6+LK6 -> 1
A7: 4 | B7: 3275011002 | C7: MARGAHAYU | D7: 7426 | E7: 6673 | F7: =D7+E7 -> 14099 | G7: 6 | H7: 11663 | I7: =G7+H7 -> 11669 | J7: 8112 | K7: 7010 | L7: =J7+K7 -> 15122 | M7: 379 | N7: 140 | O7: =M7+N7 -> 519 | P7: 532 | Q7: 474 | R7: =P7+Q7 -> 1006 | S7: 39 | T7: 1 | U7: =S7+T7 -> 40 | V7: 67 | W7: 5 | X7: =V7+W7 -> 72 | Y7: 169 | Z7: 50 | AA7: =Y7+Z7 -> 219 | AB7: 40 | AC7: 12 | AD7: =AB7+AC7 -> 52 | AE7: 2 | AF7: 0 | AG7: =AE7+AF7 -> 2 | AH7: 1 | AI7: 0 | AJ7: =AH7+AI7 -> 1 | AK7: 5 | AL7: 2 | AM7: =AK7+AL7 -> 7 | AN7: 8 | AO7: 0 | AP7: =AN7+AO7 -> 8 | AQ7: 19 | AR7: 0 | AS7: =AQ7+AR7 -> 19 | AT7: 9498 | AU7: 5146 | AV7: =AT7+AU7 -> 14644 | AW7: 159 | AX7: 93 | AY7: =AW7+AX7 -> 252 | AZ7: 20 | BA7: 14 | BB7: =AZ7+BA7 -> 34 | BC7: 109 | BD7: 64 | BE7: =BC7+BD7 -> 173 | BF7: 995 | BG7: 68 | BH7: =BF7+BG7 -> 1063 | BI7: 15 | BJ7: 3 | BK7: =BI7+BJ7 -> 18 | BL7: 0 | BM7: 0 | BN7: =BL7+BM7 -> 0 | BO7: 0 | BP7: 0 | BQ7: =BO7+BP7 -> 0 | BR7: 1 | BS7: 17 | BT7: =BR7+BS7 -> 18 | BU7: 3 | BV7: 0 | BW7: =BU7+BV7 -> 3 | BX7: 3 | BY7: 1 | BZ7: =BX7+BY7 -> 4 | CA7: 3 | CB7: 0 | CC7: =CA7+CB7 -> 3 | CD7: 4 | CE7: 0 | CF7: =CD7+CE7 -> 4 | CG7: 0 | CH7: 0 | CI7: =CG7+CH7 -> 0 | CJ7: 3 | CK7: 0 | CL7: =CJ7+CK7 -> 3 | CM7: 2 | CN7: 4 | CO7: =CM7+CN7 -> 6 | CP7: 0 | CQ7: 0 | CR7: =CP7+CQ7 -> 0 | CS7: 0 | CT7: 2 | CU7: =CS7+CT7 -> 2 | CV7: 0 | CW7: 1 | CX7: =CV7+CW7 -> 1 | CY7: 0 | CZ7: 2 | DA7: =CY7+CZ7 -> 2 | DB7: 12 | DC7: 0 | DD7: =DB7+DC7 -> 12 | DE7: 15 | DF7: 1 | DG7: =DE7+DF7 -> 16 | DH7: 0 | DI7: 1 | DJ7: =DH7+DI7 -> 1 | DK7: 0 | DL7: 1 | DM7: =DK7+DL7 -> 1 | DN7: 0 | DO7: 0 | DP7: =DN7+DO7 -> 0 | DQ7: 0 | DR7: 1 | DS7: =DQ7+DR7 -> 1 | DT7: 1 | DU7: 0 | DV7: =DT7+DU7 -> 1 | DW7: 17 | DX7: 5 | DY7: =DW7+DX7 -> 22 | DZ7: 3 | EA7: 0 | EB7: =DZ7+EA7 -> 3 | EC7: 17 | ED7: 4 | EE7: =EC7+ED7 -> 21 | EF7: 6 | EG7: 3 | EH7: =EF7+EG7 -> 9 | EI7: 0 | EJ7: 3 | EK7: =EI7+EJ7 -> 3 | EL7: 0 | EM7: 0 | EN7: =EL7+EM7 -> 0 | EO7: 0 | EP7: 0 | EQ7: =EO7+EP7 -> 0 | ER7: 0 | ES7: 0 | ET7: =ER7+ES7 -> 0 | EU7: 0 | EV7: 0 | EW7: =EU7+EV7 -> 0 | EX7: 0 | EY7: 0 | EZ7: =EX7+EY7 -> 0 | FA7: 0 | FB7: 0 | FC7: =FA7+FB7 -> 0 | FD7: 0 | FE7: 0 | FF7: =FD7+FE7 -> 0 | FG7: 0 | FH7: 0 | FI7: =FG7+FH7 -> 0 | FJ7: 0 | FK7: 0 | FL7: =FJ7+FK7 -> 0 | FM7: 0 | FN7: 0 | FO7: =FM7+FN7 -> 0 | FP7: 0 | FQ7: 0 | FR7: =FP7+FQ7 -> 0 | FS7: 0 | FT7: 0 | FU7: =FS7+FT7 -> 0 | FV7: 0 | FW7: 0 | FX7: =FV7+FW7 -> 0 | FY7: 0 | FZ7: 0 | GA7: =FY7+FZ7 -> 0 | GB7: 0 | GC7: 0 | GD7: =GB7+GC7 -> 0 | GE7: 0 | GF7: 0 | GG7: =GE7+GF7 -> 0 | GH7: 2 | GI7: 0 | GJ7: =GH7+GI7 -> 2 | GK7: 38 | GL7: 28 | GM7: =GK7+GL7 -> 66 | GN7: 163 | GO7: 420 | GP7: =GN7+GO7 -> 583 | GQ7: 3 | GR7: 0 | GS7: =GQ7+GR7 -> 3 | GT7: 10 | GU7: 3 | GV7: =GT7+GU7 -> 13 | GW7: 1 | GX7: 2 | GY7: =GW7+GX7 -> 3 | GZ7: 2 | HA7: 0 | HB7: =GZ7+HA7 -> 2 | HC7: 2 | HD7: 0 | HE7: =HC7+HD7 -> 2 | HF7: 6 | HG7: 0 | HH7: =HF7+HG7 -> 6 | HI7: 41 | HJ7: 71 | HK7: =HI7+HJ7 -> 112 | HL7: 0 | HM7: 42 | HN7: =HL7+HM7 -> 42 | HO7: 13 | HP7: 84 | HQ7: =HO7+HP7 -> 97 | HR7: 4 | HS7: 10 | HT7: =HR7+HS7 -> 14 | HU7: 1 | HV7: 2 | HW7: =HU7+HV7 -> 3 | HX7: 0 | HY7: 0 | HZ7: =HX7+HY7 -> 0 | IA7: 0 | IB7: 0 | IC7: =IA7+IB7 -> 0 | ID7: 18 | IE7: 0 | IF7: =ID7+IE7 -> 18 | IG7: 0 | IH7: 2 | II7: =IG7+IH7 -> 2 | IJ7: 110 | IK7: 0 | IL7: =IJ7+IK7 -> 110 | IM7: 0 | IN7: 1 | IO7: =IM7+IN7 -> 1 | IP7: 0 | IQ7: 0 | IR7: =IP7+IQ7 -> 0 | IS7: 321 | IT7: 90 | IU7: =IS7+IT7 -> 411 | IV7: 1 | IW7: 3 | IX7: =IV7+IW7 -> 4 | IY7: 0 | IZ7: 0 | JA7: =IY7+IZ7 -> 0 | JB7: 0 | JC7: 0 | JD7: =JB7+JC7 -> 0 | JE7: 4988 | JF7: 1117 | JG7: =JE7+JF7 -> 6105 | JH7: 4 | JI7: 0 | JJ7: =JH7+JI7 -> 4 | JK7: 0 | JL7: 0 | JM7: =JK7+JL7 -> 0 | JN7: 1 | JO7: 0 | JP7: =JN7+JO7 -> 1 | JQ7: 0 | JR7: 0 | JS7: =JQ7+JR7 -> 0 | JT7: 0 | JU7: 0 | JV7: =JT7+JU7 -> 0 | JW7: 0 | JX7: 0 | JY7: =JW7+JX7 -> 0 | JZ7: 0 | KA7: 0 | KB7: =JZ7+KA7 -> 0 | KC7: 0 | KD7: 0 | KE7: =KC7+KD7 -> 0 | KF7: 0 | KG7: 0 | KH7: =KF7+KG7 -> 0 | KI7: 0 | KJ7: 0 | KK7: =KI7+KJ7 -> 0 | KL7: 0 | KM7: 0 | KN7: =KL7+KM7 -> 0 | KO7: 0 | KP7: 0 | KQ7: =KO7+KP7 -> 0 | KR7: 0 | KS7: 0 | KT7: =KR7+KS7 -> 0 | KU7: 0 | KV7: 0 | KW7: =KU7+KV7 -> 0 | KX7: 0 | KY7: 0 | KZ7: =KX7+KY7 -> 0 | LA7: 0 | LB7: 0 | LC7: =LA7+LB7 -> 0 | LD7: 0 | LE7: 0 | LF7: =LD7+LE7 -> 0 | LG7: 0 | LH7: 0 | LI7: =LG7+LH7 -> 0 | LJ7: 0 | LK7: 0 | LL7: =LJ7+LK7 -> 0
A8: 4 | B8: 3275011003 | C8: DURENJAYA | D8: 8351 | E8: 7615 | F8: =D8+E8 -> 15966 | G8: 5 | H8: 13482 | I8: =G8+H8 -> 13487 | J8: 9135 | K8: 8008 | L8: =J8+K8 -> 17143 | M8: 615 | N8: 236 | O8: =M8+N8 -> 851 | P8: 647 | Q8: 631 | R8: =P8+Q8 -> 1278 | S8: 71 | T8: 5 | U8: =S8+T8 -> 76 | V8: 90 | W8: 6 | X8: =V8+W8 -> 96 | Y8: 141 | Z8: 39 | AA8: =Y8+Z8 -> 180 | AB8: 38 | AC8: 15 | AD8: =AB8+AC8 -> 53 | AE8: 1 | AF8: 0 | AG8: =AE8+AF8 -> 1 | AH8: 3 | AI8: 0 | AJ8: =AH8+AI8 -> 3 | AK8: 9 | AL8: 1 | AM8: =AK8+AL8 -> 10 | AN8: 11 | AO8: 0 | AP8: =AN8+AO8 -> 11 | AQ8: 29 | AR8: 1 | AS8: =AQ8+AR8 -> 30 | AT8: 11098 | AU8: 6240 | AV8: =AT8+AU8 -> 17338 | AW8: 285 | AX8: 147 | AY8: =AW8+AX8 -> 432 | AZ8: 24 | BA8: 21 | BB8: =AZ8+BA8 -> 45 | BC8: 99 | BD8: 75 | BE8: =BC8+BD8 -> 174 | BF8: 1057 | BG8: 55 | BH8: =BF8+BG8 -> 1112 | BI8: 21 | BJ8: 0 | BK8: =BI8+BJ8 -> 21 | BL8: 0 | BM8: 0 | BN8: =BL8+BM8 -> 0 | BO8: 1 | BP8: 0 | BQ8: =BO8+BP8 -> 1 | BR8: 0 | BS8: 21 | BT8: =BR8+BS8 -> 21 | BU8: 1 | BV8: 0 | BW8: =BU8+BV8 -> 1 | BX8: 2 | BY8: 0 | BZ8: =BX8+BY8 -> 2 | CA8: 17 | CB8: 0 | CC8: =CA8+CB8 -> 17 | CD8: 1 | CE8: 0 | CF8: =CD8+CE8 -> 1 | CG8: 0 | CH8: 0 | CI8: =CG8+CH8 -> 0 | CJ8: 3 | CK8: 0 | CL8: =CJ8+CK8 -> 3 | CM8: 8 | CN8: 8 | CO8: =CM8+CN8 -> 16 | CP8: 0 | CQ8: 0 | CR8: =CP8+CQ8 -> 0 | CS8: 1 | CT8: 9 | CU8: =CS8+CT8 -> 10 | CV8: 0 | CW8: 0 | CX8: =CV8+CW8 -> 0 | CY8: 1 | CZ8: 3 | DA8: =CY8+CZ8 -> 4 | DB8: 18 | DC8: 0 | DD8: =DB8+DC8 -> 18 | DE8: 14 | DF8: 4 | DG8: =DE8+DF8 -> 18 | DH8: 3 | DI8: 0 | DJ8: =DH8+DI8 -> 3 | DK8: 0 | DL8: 1 | DM8: =DK8+DL8 -> 1 | DN8: 0 | DO8: 0 | DP8: =DN8+DO8 -> 0 | DQ8: 1 | DR8: 0 | DS8: =DQ8+DR8 -> 1 | DT8: 1 | DU8: 0 | DV8: =DT8+DU8 -> 1 | DW8: 23 | DX8: 10 | DY8: =DW8+DX8 -> 33 | DZ8: 0 | EA8: 0 | EB8: =DZ8+EA8 -> 0 | EC8: 26 | ED8: 5 | EE8: =EC8+ED8 -> 31 | EF8: 4 | EG8: 1 | EH8: =EF8+EG8 -> 5 | EI8: 0 | EJ8: 0 | EK8: =EI8+EJ8 -> 0 | EL8: 0 | EM8: 0 | EN8: =EL8+EM8 -> 0 | EO8: 0 | EP8: 0 | EQ8: =EO8+EP8 -> 0 | ER8: 0 | ES8: 0 | ET8: =ER8+ES8 -> 0 | EU8: 0 | EV8: 0 | EW8: =EU8+EV8 -> 0 | EX8: 0 | EY8: 0 | EZ8: =EX8+EY8 -> 0 | FA8: 0 | FB8: 0 | FC8: =FA8+FB8 -> 0 | FD8: 0 | FE8: 0 | FF8: =FD8+FE8 -> 0 | FG8: 0 | FH8: 0 | FI8: =FG8+FH8 -> 0 | FJ8: 0 | FK8: 0 | FL8: =FJ8+FK8 -> 0 | FM8: 0 | FN8: 0 | FO8: =FM8+FN8 -> 0 | FP8: 0 | FQ8: 0 | FR8: =FP8+FQ8 -> 0 | FS8: 0 | FT8: 0 | FU8: =FS8+FT8 -> 0 | FV8: 0 | FW8: 0 | FX8: =FV8+FW8 -> 0 | FY8: 1 | FZ8: 0 | GA8: =FY8+FZ8 -> 1 | GB8: 0 | GC8: 0 | GD8: =GB8+GC8 -> 0 | GE8: 0 | GF8: 0 | GG8: =GE8+GF8 -> 0 | GH8: 0 | GI8: 0 | GJ8: =GH8+GI8 -> 0 | GK8: 37 | GL8: 39 | GM8: =GK8+GL8 -> 76 | GN8: 180 | GO8: 531 | GP8: =GN8+GO8 -> 711 | GQ8: 2 | GR8: 0 | GS8: =GQ8+GR8 -> 2 | GT8: 14 | GU8: 5 | GV8: =GT8+GU8 -> 19 | GW8: 2 | GX8: 0 | GY8: =GW8+GX8 -> 2 | GZ8: 4 | HA8: 1 | HB8: =GZ8+HA8 -> 5 | HC8: 2 | HD8: 2 | HE8: =HC8+HD8 -> 4 | HF8: 8 | HG8: 4 | HH8: =HF8+HG8 -> 12 | HI8: 40 | HJ8: 86 | HK8: =HI8+HJ8 -> 126 | HL8: 0 | HM8: 61 | HN8: =HL8+HM8 -> 61 | HO8: 7 | HP8: 110 | HQ8: =HO8+HP8 -> 117 | HR8: 4 | HS8: 10 | HT8: =HR8+HS8 -> 14 | HU8: 1 | HV8: 1 | HW8: =HU8+HV8 -> 2 | HX8: 0 | HY8: 0 | HZ8: =HX8+HY8 -> 0 | IA8: 0 | IB8: 0 | IC8: =IA8+IB8 -> 0 | ID8: 34 | IE8: 0 | IF8: =ID8+IE8 -> 34 | IG8: 1 | IH8: 0 | II8: =IG8+IH8 -> 1 | IJ8: 150 | IK8: 0 | IL8: =IJ8+IK8 -> 150 | IM8: 2 | IN8: 1 | IO8: =IM8+IN8 -> 3 | IP8: 0 | IQ8: 0 | IR8: =IP8+IQ8 -> 0 | IS8: 424 | IT8: 110 | IU8: =IS8+IT8 -> 534 | IV8: 1 | IW8: 0 | IX8: =IV8+IW8 -> 1 | IY8: 0 | IZ8: 0 | JA8: =IY8+IZ8 -> 0 | JB8: 1 | JC8: 0 | JD8: =JB8+JC8 -> 1 | JE8: 5152 | JF8: 994 | JG8: =JE8+JF8 -> 6146 | JH8: 0 | JI8: 0 | JJ8: =JH8+JI8 -> 0 | JK8: 0 | JL8: 0 | JM8: =JK8+JL8 -> 0 | JN8: 0 | JO8: 0 | JP8: =JN8+JO8 -> 0 | JQ8: 0 | JR8: 0 | JS8: =JQ8+JR8 -> 0 | JT8: 0 | JU8: 0 | JV8: =JT8+JU8 -> 0 | JW8: 0 | JX8: 1 | JY8: =JW8+JX8 -> 1 | JZ8: 0 | KA8: 0 | KB8: =JZ8+KA8 -> 0 | KC8: 0 | KD8: 0 | KE8: =KC8+KD8 -> 0 | KF8: 0 | KG8: 0 | KH8: =KF8+KG8 -> 0 | KI8: 0 | KJ8: 0 | KK8: =KI8+KJ8 -> 0 | KL8: 0 | KM8: 0 | KN8: =KL8+KM8 -> 0 | KO8: 0 | KP8: 0 | KQ8: =KO8+KP8 -> 0 | KR8: 0 | KS8: 0 | KT8: =KR8+KS8 -> 0 | KU8: 0 | KV8: 0 | KW8: =KU8+KV8 -> 0 | KX8: 0 | KY8: 0 | KZ8: =KX8+KY8 -> 0 | LA8: 0 | LB8: 0 | LC8: =LA8+LB8 -> 0 | LD8: 0 | LE8: 0 | LF8: =LD8+LE8 -> 0 | LG8: 0 | LH8: 0 | LI8: =LG8+LH8 -> 0 | LJ8: 0 | LK8: 1 | LL8: =LJ8+LK8 -> 1
A9: 4 | B9: 3275011004 | C9: ARENJAYA | D9: 7770 | E9: 6810 | F9: =D9+E9 -> 14580 | G9: 8 | H9: 11222 | I9: =G9+H9 -> 11230 | J9: 7663 | K9: 6704 | L9: =J9+K9 -> 14367 | M9: 704 | N9: 250 | O9: =M9+N9 -> 954 | P9: 761 | Q9: 618 | R9: =P9+Q9 -> 1379 | S9: 74 | T9: 7 | U9: =S9+T9 -> 81 | V9: 87 | W9: 6 | X9: =V9+W9 -> 93 | Y9: 74 | Z9: 38 | AA9: =Y9+Z9 -> 112 | AB9: 20 | AC9: 8 | AD9: =AB9+AC9 -> 28 | AE9: 0 | AF9: 0 | AG9: =AE9+AF9 -> 0 | AH9: 0 | AI9: 0 | AJ9: =AH9+AI9 -> 0 | AK9: 4 | AL9: 1 | AM9: =AK9+AL9 -> 5 | AN9: 7 | AO9: 1 | AP9: =AN9+AO9 -> 8 | AQ9: 32 | AR9: 2 | AS9: =AQ9+AR9 -> 34 | AT9: 11010 | AU9: 6033 | AV9: =AT9+AU9 -> 17043 | AW9: 265 | AX9: 115 | AY9: =AW9+AX9 -> 380 | AZ9: 17 | BA9: 16 | BB9: =AZ9+BA9 -> 33 | BC9: 91 | BD9: 56 | BE9: =BC9+BD9 -> 147 | BF9: 747 | BG9: 39 | BH9: =BF9+BG9 -> 786 | BI9: 14 | BJ9: 6 | BK9: =BI9+BJ9 -> 20 | BL9: 0 | BM9: 0 | BN9: =BL9+BM9 -> 0 | BO9: 0 | BP9: 1 | BQ9: =BO9+BP9 -> 1 | BR9: 0 | BS9: 16 | BT9: =BR9+BS9 -> 16 | BU9: 1 | BV9: 0 | BW9: =BU9+BV9 -> 1 | BX9: 3 | BY9: 0 | BZ9: =BX9+BY9 -> 3 | CA9: 10 | CB9: 0 | CC9: =CA9+CB9 -> 10 | CD9: 2 | CE9: 0 | CF9: =CD9+CE9 -> 2 | CG9: 0 | CH9: 0 | CI9: =CG9+CH9 -> 0 | CJ9: 4 | CK9: 0 | CL9: =CJ9+CK9 -> 4 | CM9: 9 | CN9: 12 | CO9: =CM9+CN9 -> 21 | CP9: 0 | CQ9: 1 | CR9: =CP9+CQ9 -> 1 | CS9: 0 | CT9: 8 | CU9: =CS9+CT9 -> 8 | CV9: 0 | CW9: 0 | CX9: =CV9+CW9 -> 0 | CY9: 2 | CZ9: 1 | DA9: =CY9+CZ9 -> 3 | DB9: 25 | DC9: 0 | DD9: =DB9+DC9 -> 25 | DE9: 11 | DF9: 2 | DG9: =DE9+DF9 -> 13 | DH9: 2 | DI9: 0 | DJ9: =DH9+DI9 -> 2 | DK9: 0 | DL9: 1 | DM9: =DK9+DL9 -> 1 | DN9: 0 | DO9: 1 | DP9: =DN9+DO9 -> 1 | DQ9: 0 | DR9: 0 | DS9: =DQ9+DR9 -> 0 | DT9: 0 | DU9: 0 | DV9: =DT9+DU9 -> 0 | DW9: 8 | DX9: 5 | DY9: =DW9+DX9 -> 13 | DZ9: 0 | EA9: 0 | EB9: =DZ9+EA9 -> 0 | EC9: 31 | ED9: 3 | EE9: =EC9+ED9 -> 34 | EF9: 4 | EG9: 1 | EH9: =EF9+EG9 -> 5 | EI9: 1 | EJ9: 2 | EK9: =EI9+EJ9 -> 3 | EL9: 0 | EM9: 0 | EN9: =EL9+EM9 -> 0 | EO9: 0 | EP9: 0 | EQ9: =EO9+EP9 -> 0 | ER9: 0 | ES9: 0 | ET9: =ER9+ES9 -> 0 | EU9: 0 | EV9: 0 | EW9: =EU9+EV9 -> 0 | EX9: 0 | EY9: 0 | EZ9: =EX9+EY9 -> 0 | FA9: 0 | FB9: 0 | FC9: =FA9+FB9 -> 0 | FD9: 0 | FE9: 0 | FF9: =FD9+FE9 -> 0 | FG9: 0 | FH9: 0 | FI9: =FG9+FH9 -> 0 | FJ9: 0 | FK9: 0 | FL9: =FJ9+FK9 -> 0 | FM9: 0 | FN9: 0 | FO9: =FM9+FN9 -> 0 | FP9: 0 | FQ9: 0 | FR9: =FP9+FQ9 -> 0 | FS9: 0 | FT9: 0 | FU9: =FS9+FT9 -> 0 | FV9: 0 | FW9: 0 | FX9: =FV9+FW9 -> 0 | FY9: 0 | FZ9: 0 | GA9: =FY9+FZ9 -> 0 | GB9: 0 | GC9: 0 | GD9: =GB9+GC9 -> 0 | GE9: 0 | GF9: 0 | GG9: =GE9+GF9 -> 0 | GH9: 0 | GI9: 0 | GJ9: =GH9+GI9 -> 0 | GK9: 25 | GL9: 31 | GM9: =GK9+GL9 -> 56 | GN9: 211 | GO9: 590 | GP9: =GN9+GO9 -> 801 | GQ9: 1 | GR9: 0 | GS9: =GQ9+GR9 -> 1 | GT9: 10 | GU9: 2 | GV9: =GT9+GU9 -> 12 | GW9: 2 | GX9: 1 | GY9: =GW9+GX9 -> 3 | GZ9: 4 | HA9: 0 | HB9: =GZ9+HA9 -> 4 | HC9: 3 | HD9: 1 | HE9: =HC9+HD9 -> 4 | HF9: 5 | HG9: 1 | HH9: =HF9+HG9 -> 6 | HI9: 22 | HJ9: 51 | HK9: =HI9+HJ9 -> 73 | HL9: 0 | HM9: 56 | HN9: =HL9+HM9 -> 56 | HO9: 5 | HP9: 101 | HQ9: =HO9+HP9 -> 106 | HR9: 2 | HS9: 15 | HT9: =HR9+HS9 -> 17 | HU9: 0 | HV9: 0 | HW9: =HU9+HV9 -> 0 | HX9: 0 | HY9: 0 | HZ9: =HX9+HY9 -> 0 | IA9: 0 | IB9: 1 | IC9: =IA9+IB9 -> 1 | ID9: 42 | IE9: 0 | IF9: =ID9+IE9 -> 42 | IG9: 0 | IH9: 1 | II9: =IG9+IH9 -> 1 | IJ9: 78 | IK9: 0 | IL9: =IJ9+IK9 -> 78 | IM9: 1 | IN9: 0 | IO9: =IM9+IN9 -> 1 | IP9: 0 | IQ9: 0 | IR9: =IP9+IQ9 -> 0 | IS9: 178 | IT9: 96 | IU9: =IS9+IT9 -> 274 | IV9: 2 | IW9: 0 | IX9: =IV9+IW9 -> 2 | IY9: 0 | IZ9: 0 | JA9: =IY9+IZ9 -> 0 | JB9: 0 | JC9: 0 | JD9: =JB9+JC9 -> 0 | JE9: 2912 | JF9: 752 | JG9: =JE9+JF9 -> 3664 | JH9: 1 | JI9: 0 | JJ9: =JH9+JI9 -> 1 | JK9: 0 | JL9: 0 | JM9: =JK9+JL9 -> 0 | JN9: 0 | JO9: 1 | JP9: =JN9+JO9 -> 1 | JQ9: 0 | JR9: 0 | JS9: =JQ9+JR9 -> 0 | JT9: 0 | JU9: 0 | JV9: =JT9+JU9 -> 0 | JW9: 0 | JX9: 0 | JY9: =JW9+JX9 -> 0 | JZ9: 0 | KA9: 0 | KB9: =JZ9+KA9 -> 0 | KC9: 0 | KD9: 0 | KE9: =KC9+KD9 -> 0 | KF9: 0 | KG9: 0 | KH9: =KF9+KG9 -> 0 | KI9: 0 | KJ9: 0 | KK9: =KI9+KJ9 -> 0 | KL9: 0 | KM9: 0 | KN9: =KL9+KM9 -> 0 | KO9: 0 | KP9: 0 | KQ9: =KO9+KP9 -> 0 | KR9: 0 | KS9: 0 | KT9: =KR9+KS9 -> 0 | KU9: 0 | KV9: 0 | KW9: =KU9+KV9 -> 0 | KX9: 0 | KY9: 0 | KZ9: =KX9+KY9 -> 0 | LA9: 0 | LB9: 0 | LC9: =LA9+LB9 -> 0 | LD9: 0 | LE9: 0 | LF9: =LD9+LE9 -> 0 | LG9: 0 | LH9: 0 | LI9: =LG9+LH9 -> 0 | LJ9: 0 | LK9: 0 | LL9: =LJ9+LK9 -> 0
A10: 3 | B10: 327502 | C10: BEKASI BARAT | D10: 28250 | E10: 24968 | F10: =D10+E10 -> 53218 | G10: 26 | H10: 50146 | I10: =G10+H10 -> 50172 | J10: 34316 | K10: 29484 | L10: =J10+K10 -> 63800 | M10: 1974 | N10: 931 | O10: =M10+N10 -> 2905 | P10: 2170 | Q10: 1994 | R10: =P10+Q10 -> 4164 | S10: 207 | T10: 14 | U10: =S10+T10 -> 221 | V10: 277 | W10: 24 | X10: =V10+W10 -> 301 | Y10: 782 | Z10: 194 | AA10: =Y10+Z10 -> 976 | AB10: 85 | AC10: 43 | AD10: =AB10+AC10 -> 128 | AE10: 10 | AF10: 2 | AG10: =AE10+AF10 -> 12 | AH10: 4 | AI10: 0 | AJ10: =AH10+AI10 -> 4 | AK10: 274 | AL10: 41 | AM10: =AK10+AL10 -> 315 | AN10: 81 | AO10: 2 | AP10: =AN10+AO10 -> 83 | AQ10: 188 | AR10: 0 | AS10: =AQ10+AR10 -> 188 | AT10: 43674 | AU10: 21613 | AV10: =AT10+AU10 -> 65287 | AW10: 818 | AX10: 508 | AY10: =AW10+AX10 -> 1326 | AZ10: 51 | BA10: 38 | BB10: =AZ10+BA10 -> 89 | BC10: 192 | BD10: 106 | BE10: =BC10+BD10 -> 298 | BF10: 4425 | BG10: 167 | BH10: =BF10+BG10 -> 4592 | BI10: 53 | BJ10: 12 | BK10: =BI10+BJ10 -> 65 | BL10: 2 | BM10: 0 | BN10: =BL10+BM10 -> 2 | BO10: 1 | BP10: 1 | BQ10: =BO10+BP10 -> 2 | BR10: 5 | BS10: 48 | BT10: =BR10+BS10 -> 53 | BU10: 0 | BV10: 0 | BW10: =BU10+BV10 -> 0 | BX10: 5 | BY10: 0 | BZ10: =BX10+BY10 -> 5 | CA10: 20 | CB10: 0 | CC10: =CA10+CB10 -> 20 | CD10: 11 | CE10: 0 | CF10: =CD10+CE10 -> 11 | CG10: 0 | CH10: 0 | CI10: =CG10+CH10 -> 0 | CJ10: 1 | CK10: 0 | CL10: =CJ10+CK10 -> 1 | CM10: 14 | CN10: 8 | CO10: =CM10+CN10 -> 22 | CP10: 3 | CQ10: 0 | CR10: =CP10+CQ10 -> 3 | CS10: 0 | CT10: 2 | CU10: =CS10+CT10 -> 2 | CV10: 0 | CW10: 2 | CX10: =CV10+CW10 -> 2 | CY10: 0 | CZ10: 4 | DA10: =CY10+CZ10 -> 4 | DB10: 39 | DC10: 0 | DD10: =DB10+DC10 -> 39 | DE10: 40 | DF10: 9 | DG10: =DE10+DF10 -> 49 | DH10: 0 | DI10: 0 | DJ10: =DH10+DI10 -> 0 | DK10: 0 | DL10: 0 | DM10: =DK10+DL10 -> 0 | DN10: 0 | DO10: 2 | DP10: =DN10+DO10 -> 2 | DQ10: 0 | DR10: 1 | DS10: =DQ10+DR10 -> 1 | DT10: 0 | DU10: 0 | DV10: =DT10+DU10 -> 0 | DW10: 36 | DX10: 9 | DY10: =DW10+DX10 -> 45 | DZ10: 2 | EA10: 0 | EB10: =DZ10+EA10 -> 2 | EC10: 93 | ED10: 14 | EE10: =EC10+ED10 -> 107 | EF10: 28 | EG10: 2 | EH10: =EF10+EG10 -> 30 | EI10: 2 | EJ10: 2 | EK10: =EI10+EJ10 -> 4 | EL10: 0 | EM10: 0 | EN10: =EL10+EM10 -> 0 | EO10: 1 | EP10: 0 | EQ10: =EO10+EP10 -> 1 | ER10: 0 | ES10: 0 | ET10: =ER10+ES10 -> 0 | EU10: 1 | EV10: 1 | EW10: =EU10+EV10 -> 2 | EX10: 0 | EY10: 0 | EZ10: =EX10+EY10 -> 0 | FA10: 0 | FB10: 0 | FC10: =FA10+FB10 -> 0 | FD10: 2 | FE10: 0 | FF10: =FD10+FE10 -> 2 | FG10: 0 | FH10: 0 | FI10: =FG10+FH10 -> 0 | FJ10: 0 | FK10: 0 | FL10: =FJ10+FK10 -> 0 | FM10: 0 | FN10: 0 | FO10: =FM10+FN10 -> 0 | FP10: 0 | FQ10: 0 | FR10: =FP10+FQ10 -> 0 | FS10: 0 | FT10: 0 | FU10: =FS10+FT10 -> 0 | FV10: 0 | FW10: 0 | FX10: =FV10+FW10 -> 0 | FY10: 0 | FZ10: 0 | GA10: =FY10+FZ10 -> 0 | GB10: 1 | GC10: 0 | GD10: =GB10+GC10 -> 1 | GE10: 1 | GF10: 1 | GG10: =GE10+GF10 -> 2 | GH10: 3 | GI10: 0 | GJ10: =GH10+GI10 -> 3 | GK10: 120 | GL10: 110 | GM10: =GK10+GL10 -> 230 | GN10: 640 | GO10: 1709 | GP10: =GN10+GO10 -> 2349 | GQ10: 16 | GR10: 0 | GS10: =GQ10+GR10 -> 16 | GT10: 67 | GU10: 11 | GV10: =GT10+GU10 -> 78 | GW10: 7 | GX10: 15 | GY10: =GW10+GX10 -> 22 | GZ10: 11 | HA10: 5 | HB10: =GZ10+HA10 -> 16 | HC10: 5 | HD10: 7 | HE10: =HC10+HD10 -> 12 | HF10: 22 | HG10: 5 | HH10: =HF10+HG10 -> 27 | HI10: 138 | HJ10: 332 | HK10: =HI10+HJ10 -> 470 | HL10: 0 | HM10: 153 | HN10: =HL10+HM10 -> 153 | HO10: 22 | HP10: 265 | HQ10: =HO10+HP10 -> 287 | HR10: 8 | HS10: 42 | HT10: =HR10+HS10 -> 50 | HU10: 0 | HV10: 6 | HW10: =HU10+HV10 -> 6 | HX10: 0 | HY10: 0 | HZ10: =HX10+HY10 -> 0 | IA10: 0 | IB10: 0 | IC10: =IA10+IB10 -> 0 | ID10: 61 | IE10: 1 | IF10: =ID10+IE10 -> 62 | IG10: 2 | IH10: 1 | II10: =IG10+IH10 -> 3 | IJ10: 450 | IK10: 0 | IL10: =IJ10+IK10 -> 450 | IM10: 1 | IN10: 0 | IO10: =IM10+IN10 -> 1 | IP10: 2 | IQ10: 0 | IR10: =IP10+IQ10 -> 2 | IS10: 753 | IT10: 194 | IU10: =IS10+IT10 -> 947 | IV10: 2 | IW10: 0 | IX10: =IV10+IW10 -> 2 | IY10: 1 | IZ10: 0 | JA10: =IY10+IZ10 -> 1 | JB10: 0 | JC10: 7 | JD10: =JB10+JC10 -> 7 | JE10: 15325 | JF10: 3169 | JG10: =JE10+JF10 -> 18494 | JH10: 5 | JI10: 2 | JJ10: =JH10+JI10 -> 7 | JK10: 0 | JL10: 0 | JM10: =JK10+JL10 -> 0 | JN10: 2 | JO10: 0 | JP10: =JN10+JO10 -> 2 | JQ10: 0 | JR10: 0 | JS10: =JQ10+JR10 -> 0 | JT10: 0 | JU10: 0 | JV10: =JT10+JU10 -> 0 | JW10: 0 | JX10: 0 | JY10: =JW10+JX10 -> 0 | JZ10: 0 | KA10: 0 | KB10: =JZ10+KA10 -> 0 | KC10: 0 | KD10: 0 | KE10: =KC10+KD10 -> 0 | KF10: 0 | KG10: 0 | KH10: =KF10+KG10 -> 0 | KI10: 0 | KJ10: 0 | KK10: =KI10+KJ10 -> 0 | KL10: 0 | KM10: 0 | KN10: =KL10+KM10 -> 0 | KO10: 0 | KP10: 0 | KQ10: =KO10+KP10 -> 0 | KR10: 0 | KS10: 0 | KT10: =KR10+KS10 -> 0 | KU10: 0 | KV10: 0 | KW10: =KU10+KV10 -> 0 | KX10: 0 | KY10: 0 | KZ10: =KX10+KY10 -> 0 | LA10: 0 | LB10: 0 | LC10: =LA10+LB10 -> 0 | LD10: 0 | LE10: 0 | LF10: =LD10+LE10 -> 0 | LG10: 0 | LH10: 0 | LI10: =LG10+LH10 -> 0 | LJ10: 1 | LK10: 0 | LL10: =LJ10+LK10 -> 1
A11: 4 | B11: 3275021001 | C11: BINTARA | D11: 6544 | E11: 5817 | F11: =D11+E11 -> 12361 | G11: 8 | H11: 12183 | I11: =G11+H11 -> 12191 | J11: 8589 | K11: 7203 | L11: =J11+K11 -> 15792 | M11: 508 | N11: 197 | O11: =M11+N11 -> 705 | P11: 547 | Q11: 518 | R11: =P11+Q11 -> 1065 | S11: 64 | T11: 4 | U11: =S11+T11 -> 68 | V11: 77 | W11: 8 | X11: =V11+W11 -> 85 | Y11: 244 | Z11: 48 | AA11: =Y11+Z11 -> 292 | AB11: 14 | AC11: 8 | AD11: =AB11+AC11 -> 22 | AE11: 4 | AF11: 1 | AG11: =AE11+AF11 -> 5 | AH11: 1 | AI11: 0 | AJ11: =AH11+AI11 -> 1 | AK11: 63 | AL11: 5 | AM11: =AK11+AL11 -> 68 | AN11: 29 | AO11: 1 | AP11: =AN11+AO11 -> 30 | AQ11: 57 | AR11: 0 | AS11: =AQ11+AR11 -> 57 | AT11: 10545 | AU11: 5019 | AV11: =AT11+AU11 -> 15564 | AW11: 237 | AX11: 126 | AY11: =AW11+AX11 -> 363 | AZ11: 14 | BA11: 8 | BB11: =AZ11+BA11 -> 22 | BC11: 46 | BD11: 24 | BE11: =BC11+BD11 -> 70 | BF11: 913 | BG11: 32 | BH11: =BF11+BG11 -> 945 | BI11: 15 | BJ11: 3 | BK11: =BI11+BJ11 -> 18 | BL11: 1 | BM11: 0 | BN11: =BL11+BM11 -> 1 | BO11: 0 | BP11: 0 | BQ11: =BO11+BP11 -> 0 | BR11: 0 | BS11: 13 | BT11: =BR11+BS11 -> 13 | BU11: 0 | BV11: 0 | BW11: =BU11+BV11 -> 0 | BX11: 2 | BY11: 0 | BZ11: =BX11+BY11 -> 2 | CA11: 4 | CB11: 0 | CC11: =CA11+CB11 -> 4 | CD11: 2 | CE11: 0 | CF11: =CD11+CE11 -> 2 | CG11: 0 | CH11: 0 | CI11: =CG11+CH11 -> 0 | CJ11: 0 | CK11: 0 | CL11: =CJ11+CK11 -> 0 | CM11: 2 | CN11: 3 | CO11: =CM11+CN11 -> 5 | CP11: 0 | CQ11: 0 | CR11: =CP11+CQ11 -> 0 | CS11: 0 | CT11: 0 | CU11: =CS11+CT11 -> 0 | CV11: 0 | CW11: 1 | CX11: =CV11+CW11 -> 1 | CY11: 0 | CZ11: 1 | DA11: =CY11+CZ11 -> 1 | DB11: 8 | DC11: 0 | DD11: =DB11+DC11 -> 8 | DE11: 12 | DF11: 1 | DG11: =DE11+DF11 -> 13 | DH11: 0 | DI11: 0 | DJ11: =DH11+DI11 -> 0 | DK11: 0 | DL11: 0 | DM11: =DK11+DL11 -> 0 | DN11: 0 | DO11: 0 | DP11: =DN11+DO11 -> 0 | DQ11: 0 | DR11: 1 | DS11: =DQ11+DR11 -> 1 | DT11: 0 | DU11: 0 | DV11: =DT11+DU11 -> 0 | DW11: 4 | DX11: 0 | DY11: =DW11+DX11 -> 4 | DZ11: 0 | EA11: 0 | EB11: =DZ11+EA11 -> 0 | EC11: 19 | ED11: 5 | EE11: =EC11+ED11 -> 24 | EF11: 6 | EG11: 0 | EH11: =EF11+EG11 -> 6 | EI11: 0 | EJ11: 1 | EK11: =EI11+EJ11 -> 1 | EL11: 0 | EM11: 0 | EN11: =EL11+EM11 -> 0 | EO11: 0 | EP11: 0 | EQ11: =EO11+EP11 -> 0 | ER11: 0 | ES11: 0 | ET11: =ER11+ES11 -> 0 | EU11: 0 | EV11: 0 | EW11: =EU11+EV11 -> 0 | EX11: 0 | EY11: 0 | EZ11: =EX11+EY11 -> 0 | FA11: 0 | FB11: 0 | FC11: =FA11+FB11 -> 0 | FD11: 0 | FE11: 0 | FF11: =FD11+FE11 -> 0 | FG11: 0 | FH11: 0 | FI11: =FG11+FH11 -> 0 | FJ11: 0 | FK11: 0 | FL11: =FJ11+FK11 -> 0 | FM11: 0 | FN11: 0 | FO11: =FM11+FN11 -> 0 | FP11: 0 | FQ11: 0 | FR11: =FP11+FQ11 -> 0 | FS11: 0 | FT11: 0 | FU11: =FS11+FT11 -> 0 | FV11: 0 | FW11: 0 | FX11: =FV11+FW11 -> 0 | FY11: 0 | FZ11: 0 | GA11: =FY11+FZ11 -> 0 | GB11: 0 | GC11: 0 | GD11: =GB11+GC11 -> 0 | GE11: 1 | GF11: 0 | GG11: =GE11+GF11 -> 1 | GH11: 0 | GI11: 0 | GJ11: =GH11+GI11 -> 0 | GK11: 24 | GL11: 34 | GM11: =GK11+GL11 -> 58 | GN11: 174 | GO11: 402 | GP11: =GN11+GO11 -> 576 | GQ11: 5 | GR11: 0 | GS11: =GQ11+GR11 -> 5 | GT11: 9 | GU11: 2 | GV11: =GT11+GU11 -> 11 | GW11: 0 | GX11: 4 | GY11: =GW11+GX11 -> 4 | GZ11: 4 | HA11: 0 | HB11: =GZ11+HA11 -> 4 | HC11: 3 | HD11: 2 | HE11: =HC11+HD11 -> 5 | HF11: 7 | HG11: 3 | HH11: =HF11+HG11 -> 10 | HI11: 30 | HJ11: 100 | HK11: =HI11+HJ11 -> 130 | HL11: 0 | HM11: 38 | HN11: =HL11+HM11 -> 38 | HO11: 8 | HP11: 79 | HQ11: =HO11+HP11 -> 87 | HR11: 2 | HS11: 14 | HT11: =HR11+HS11 -> 16 | HU11: 0 | HV11: 2 | HW11: =HU11+HV11 -> 2 | HX11: 0 | HY11: 0 | HZ11: =HX11+HY11 -> 0 | IA11: 0 | IB11: 0 | IC11: =IA11+IB11 -> 0 | ID11: 15 | IE11: 0 | IF11: =ID11+IE11 -> 15 | IG11: 1 | IH11: 0 | II11: =IG11+IH11 -> 1 | IJ11: 117 | IK11: 0 | IL11: =IJ11+IK11 -> 117 | IM11: 0 | IN11: 0 | IO11: =IM11+IN11 -> 0 | IP11: 0 | IQ11: 0 | IR11: =IP11+IQ11 -> 0 | IS11: 158 | IT11: 39 | IU11: =IS11+IT11 -> 197 | IV11: 0 | IW11: 0 | IX11: =IV11+IW11 -> 0 | IY11: 0 | IZ11: 0 | JA11: =IY11+IZ11 -> 0 | JB11: 0 | JC11: 0 | JD11: =JB11+JC11 -> 0 | JE11: 3692 | JF11: 736 | JG11: =JE11+JF11 -> 4428 | JH11: 1 | JI11: 0 | JJ11: =JH11+JI11 -> 1 | JK11: 0 | JL11: 0 | JM11: =JK11+JL11 -> 0 | JN11: 0 | JO11: 0 | JP11: =JN11+JO11 -> 0 | JQ11: 0 | JR11: 0 | JS11: =JQ11+JR11 -> 0 | JT11: 0 | JU11: 0 | JV11: =JT11+JU11 -> 0 | JW11: 0 | JX11: 0 | JY11: =JW11+JX11 -> 0 | JZ11: 0 | KA11: 0 | KB11: =JZ11+KA11 -> 0 | KC11: 0 | KD11: 0 | KE11: =KC11+KD11 -> 0 | KF11: 0 | KG11: 0 | KH11: =KF11+KG11 -> 0 | KI11: 0 | KJ11: 0 | KK11: =KI11+KJ11 -> 0 | KL11: 0 | KM11: 0 | KN11: =KL11+KM11 -> 0 | KO11: 0 | KP11: 0 | KQ11: =KO11+KP11 -> 0 | KR11: 0 | KS11: 0 | KT11: =KR11+KS11 -> 0 | KU11: 0 | KV11: 0 | KW11: =KU11+KV11 -> 0 | KX11: 0 | KY11: 0 | KZ11: =KX11+KY11 -> 0 | LA11: 0 | LB11: 0 | LC11: =LA11+LB11 -> 0 | LD11: 0 | LE11: 0 | LF11: =LD11+LE11 -> 0 | LG11: 0 | LH11: 0 | LI11: =LG11+LH11 -> 0 | LJ11: 0 | LK11: 0 | LL11: =LJ11+LK11 -> 0
A12: 4 | B12: 3275021002 | C12: KRANJI | D12: 5243 | E12: 4742 | F12: =D12+E12 -> 9985 | G12: 7 | H12: 9329 | I12: =G12+H12 -> 9336 | J12: 6341 | K12: 5574 | L12: =J12+K12 -> 11915 | M12: 246 | N12: 146 | O12: =M12+N12 -> 392 | P12: 364 | Q12: 295 | R12: =P12+Q12 -> 659 | S12: 26 | T12: 1 | U12: =S12+T12 -> 27 | V12: 34 | W12: 5 | X12: =V12+W12 -> 39 | Y12: 131 | Z12: 48 | AA12: =Y12+Z12 -> 179 | AB12: 12 | AC12: 7 | AD12: =AB12+AC12 -> 19 | AE12: 0 | AF12: 0 | AG12: =AE12+AF12 -> 0 | AH12: 2 | AI12: 0 | AJ12: =AH12+AI12 -> 2 | AK12: 38 | AL12: 9 | AM12: =AK12+AL12 -> 47 | AN12: 7 | AO12: 0 | AP12: =AN12+AO12 -> 7 | AQ12: 18 | AR12: 0 | AS12: =AQ12+AR12 -> 18 | AT12: 7677 | AU12: 3578 | AV12: =AT12+AU12 -> 11255 | AW12: 82 | AX12: 52 | AY12: =AW12+AX12 -> 134 | AZ12: 7 | BA12: 6 | BB12: =AZ12+BA12 -> 13 | BC12: 43 | BD12: 29 | BE12: =BC12+BD12 -> 72 | BF12: 836 | BG12: 33 | BH12: =BF12+BG12 -> 869 | BI12: 6 | BJ12: 3 | BK12: =BI12+BJ12 -> 9 | BL12: 0 | BM12: 0 | BN12: =BL12+BM12 -> 0 | BO12: 0 | BP12: 0 | BQ12: =BO12+BP12 -> 0 | BR12: 0 | BS12: 3 | BT12: =BR12+BS12 -> 3 | BU12: 0 | BV12: 0 | BW12: =BU12+BV12 -> 0 | BX12: 0 | BY12: 0 | BZ12: =BX12+BY12 -> 0 | CA12: 2 | CB12: 0 | CC12: =CA12+CB12 -> 2 | CD12: 4 | CE12: 0 | CF12: =CD12+CE12 -> 4 | CG12: 0 | CH12: 0 | CI12: =CG12+CH12 -> 0 | CJ12: 0 | CK12: 0 | CL12: =CJ12+CK12 -> 0 | CM12: 0 | CN12: 2 | CO12: =CM12+CN12 -> 2 | CP12: 0 | CQ12: 0 | CR12: =CP12+CQ12 -> 0 | CS12: 0 | CT12: 0 | CU12: =CS12+CT12 -> 0 | CV12: 0 | CW12: 0 | CX12: =CV12+CW12 -> 0 | CY12: 0 | CZ12: 0 | DA12: =CY12+CZ12 -> 0 | DB12: 9 | DC12: 0 | DD12: =DB12+DC12 -> 9 | DE12: 6 | DF12: 0 | DG12: =DE12+DF12 -> 6 | DH12: 0 | DI12: 0 | DJ12: =DH12+DI12 -> 0 | DK12: 0 | DL12: 0 | DM12: =DK12+DL12 -> 0 | DN12: 0 | DO12: 1 | DP12: =DN12+DO12 -> 1 | DQ12: 0 | DR12: 0 | DS12: =DQ12+DR12 -> 0 | DT12: 0 | DU12: 0 | DV12: =DT12+DU12 -> 0 | DW12: 2 | DX12: 1 | DY12: =DW12+DX12 -> 3 | DZ12: 2 | EA12: 0 | EB12: =DZ12+EA12 -> 2 | EC12: 14 | ED12: 2 | EE12: =EC12+ED12 -> 16 | EF12: 6 | EG12: 1 | EH12: =EF12+EG12 -> 7 | EI12: 0 | EJ12: 0 | EK12: =EI12+EJ12 -> 0 | EL12: 0 | EM12: 0 | EN12: =EL12+EM12 -> 0 | EO12: 0 | EP12: 0 | EQ12: =EO12+EP12 -> 0 | ER12: 0 | ES12: 0 | ET12: =ER12+ES12 -> 0 | EU12: 0 | EV12: 1 | EW12: =EU12+EV12 -> 1 | EX12: 0 | EY12: 0 | EZ12: =EX12+EY12 -> 0 | FA12: 0 | FB12: 0 | FC12: =FA12+FB12 -> 0 | FD12: 0 | FE12: 0 | FF12: =FD12+FE12 -> 0 | FG12: 0 | FH12: 0 | FI12: =FG12+FH12 -> 0 | FJ12: 0 | FK12: 0 | FL12: =FJ12+FK12 -> 0 | FM12: 0 | FN12: 0 | FO12: =FM12+FN12 -> 0 | FP12: 0 | FQ12: 0 | FR12: =FP12+FQ12 -> 0 | FS12: 0 | FT12: 0 | FU12: =FS12+FT12 -> 0 | FV12: 0 | FW12: 0 | FX12: =FV12+FW12 -> 0 | FY12: 0 | FZ12: 0 | GA12: =FY12+FZ12 -> 0 | GB12: 0 | GC12: 0 | GD12: =GB12+GC12 -> 0 | GE12: 0 | GF12: 0 | GG12: =GE12+GF12 -> 0 | GH12: 0 | GI12: 0 | GJ12: =GH12+GI12 -> 0 | GK12: 13 | GL12: 11 | GM12: =GK12+GL12 -> 24 | GN12: 118 | GO12: 317 | GP12: =GN12+GO12 -> 435 | GQ12: 0 | GR12: 0 | GS12: =GQ12+GR12 -> 0 | GT12: 4 | GU12: 3 | GV12: =GT12+GU12 -> 7 | GW12: 0 | GX12: 1 | GY12: =GW12+GX12 -> 1 | GZ12: 0 | HA12: 0 | HB12: =GZ12+HA12 -> 0 | HC12: 0 | HD12: 0 | HE12: =HC12+HD12 -> 0 | HF12: 1 | HG12: 0 | HH12: =HF12+HG12 -> 1 | HI12: 9 | HJ12: 28 | HK12: =HI12+HJ12 -> 37 | HL12: 0 | HM12: 34 | HN12: =HL12+HM12 -> 34 | HO12: 4 | HP12: 56 | HQ12: =HO12+HP12 -> 60 | HR12: 1 | HS12: 5 | HT12: =HR12+HS12 -> 6 | HU12: 0 | HV12: 0 | HW12: =HU12+HV12 -> 0 | HX12: 0 | HY12: 0 | HZ12: =HX12+HY12 -> 0 | IA12: 0 | IB12: 0 | IC12: =IA12+IB12 -> 0 | ID12: 7 | IE12: 0 | IF12: =ID12+IE12 -> 7 | IG12: 0 | IH12: 0 | II12: =IG12+IH12 -> 0 | IJ12: 103 | IK12: 0 | IL12: =IJ12+IK12 -> 103 | IM12: 0 | IN12: 0 | IO12: =IM12+IN12 -> 0 | IP12: 0 | IQ12: 0 | IR12: =IP12+IQ12 -> 0 | IS12: 204 | IT12: 61 | IU12: =IS12+IT12 -> 265 | IV12: 0 | IW12: 0 | IX12: =IV12+IW12 -> 0 | IY12: 1 | IZ12: 0 | JA12: =IY12+IZ12 -> 1 | JB12: 0 | JC12: 7 | JD12: =JB12+JC12 -> 7 | JE12: 3279 | JF12: 617 | JG12: =JE12+JF12 -> 3896 | JH12: 1 | JI12: 1 | JJ12: =JH12+JI12 -> 2 | JK12: 0 | JL12: 0 | JM12: =JK12+JL12 -> 0 | JN12: 0 | JO12: 0 | JP12: =JN12+JO12 -> 0 | JQ12: 0 | JR12: 0 | JS12: =JQ12+JR12 -> 0 | JT12: 0 | JU12: 0 | JV12: =JT12+JU12 -> 0 | JW12: 0 | JX12: 0 | JY12: =JW12+JX12 -> 0 | JZ12: 0 | KA12: 0 | KB12: =JZ12+KA12 -> 0 | KC12: 0 | KD12: 0 | KE12: =KC12+KD12 -> 0 | KF12: 0 | KG12: 0 | KH12: =KF12+KG12 -> 0 | KI12: 0 | KJ12: 0 | KK12: =KI12+KJ12 -> 0 | KL12: 0 | KM12: 0 | KN12: =KL12+KM12 -> 0 | KO12: 0 | KP12: 0 | KQ12: =KO12+KP12 -> 0 | KR12: 0 | KS12: 0 | KT12: =KR12+KS12 -> 0 | KU12: 0 | KV12: 0 | KW12: =KU12+KV12 -> 0 | KX12: 0 | KY12: 0 | KZ12: =KX12+KY12 -> 0 | LA12: 0 | LB12: 0 | LC12: =LA12+LB12 -> 0 | LD12: 0 | LE12: 0 | LF12: =LD12+LE12 -> 0 | LG12: 0 | LH12: 0 | LI12: =LG12+LH12 -> 0 | LJ12: 0 | LK12: 0 | LL12: =LJ12+LK12 -> 0
A13: 4 | B13: 3275021003 | C13: KOTABARU | D13: 5045 | E13: 4364 | F13: =D13+E13 -> 9409 | G13: 6 | H13: 8360 | I13: =G13+H13 -> 8366 | J13: 5420 | K13: 4506 | L13: =J13+K13 -> 9926 | M13: 376 | N13: 164 | O13: =M13+N13 -> 540 | P13: 325 | Q13: 344 | R13: =P13+Q13 -> 669 | S13: 34 | T13: 3 | U13: =S13+T13 -> 37 | V13: 48 | W13: 2 | X13: =V13+W13 -> 50 | Y13: 114 | Z13: 34 | AA13: =Y13+Z13 -> 148 | AB13: 17 | AC13: 7 | AD13: =AB13+AC13 -> 24 | AE13: 1 | AF13: 0 | AG13: =AE13+AF13 -> 1 | AH13: 1 | AI13: 0 | AJ13: =AH13+AI13 -> 1 | AK13: 116 | AL13: 18 | AM13: =AK13+AL13 -> 134 | AN13: 18 | AO13: 0 | AP13: =AN13+AO13 -> 18 | AQ13: 29 | AR13: 0 | AS13: =AQ13+AR13 -> 29 | AT13: 7778 | AU13: 3867 | AV13: =AT13+AU13 -> 11645 | AW13: 150 | AX13: 94 | AY13: =AW13+AX13 -> 244 | AZ13: 10 | BA13: 7 | BB13: =AZ13+BA13 -> 17 | BC13: 25 | BD13: 16 | BE13: =BC13+BD13 -> 41 | BF13: 795 | BG13: 23 | BH13: =BF13+BG13 -> 818 | BI13: 8 | BJ13: 0 | BK13: =BI13+BJ13 -> 8 | BL13: 0 | BM13: 0 | BN13: =BL13+BM13 -> 0 | BO13: 0 | BP13: 0 | BQ13: =BO13+BP13 -> 0 | BR13: 1 | BS13: 5 | BT13: =BR13+BS13 -> 6 | BU13: 0 | BV13: 0 | BW13: =BU13+BV13 -> 0 | BX13: 2 | BY13: 0 | BZ13: =BX13+BY13 -> 2 | CA13: 6 | CB13: 0 | CC13: =CA13+CB13 -> 6 | CD13: 1 | CE13: 0 | CF13: =CD13+CE13 -> 1 | CG13: 0 | CH13: 0 | CI13: =CG13+CH13 -> 0 | CJ13: 0 | CK13: 0 | CL13: =CJ13+CK13 -> 0 | CM13: 2 | CN13: 0 | CO13: =CM13+CN13 -> 2 | CP13: 0 | CQ13: 0 | CR13: =CP13+CQ13 -> 0 | CS13: 0 | CT13: 0 | CU13: =CS13+CT13 -> 0 | CV13: 0 | CW13: 0 | CX13: =CV13+CW13 -> 0 | CY13: 0 | CZ13: 0 | DA13: =CY13+CZ13 -> 0 | DB13: 5 | DC13: 0 | DD13: =DB13+DC13 -> 5 | DE13: 6 | DF13: 1 | DG13: =DE13+DF13 -> 7 | DH13: 0 | DI13: 0 | DJ13: =DH13+DI13 -> 0 | DK13: 0 | DL13: 0 | DM13: =DK13+DL13 -> 0 | DN13: 0 | DO13: 0 | DP13: =DN13+DO13 -> 0 | DQ13: 0 | DR13: 0 | DS13: =DQ13+DR13 -> 0 | DT13: 0 | DU13: 0 | DV13: =DT13+DU13 -> 0 | DW13: 5 | DX13: 2 | DY13: =DW13+DX13 -> 7 | DZ13: 0 | EA13: 0 | EB13: =DZ13+EA13 -> 0 | EC13: 11 | ED13: 1 | EE13: =EC13+ED13 -> 12 | EF13: 5 | EG13: 0 | EH13: =EF13+EG13 -> 5 | EI13: 0 | EJ13: 0 | EK13: =EI13+EJ13 -> 0 | EL13: 0 | EM13: 0 | EN13: =EL13+EM13 -> 0 | EO13: 0 | EP13: 0 | EQ13: =EO13+EP13 -> 0 | ER13: 0 | ES13: 0 | ET13: =ER13+ES13 -> 0 | EU13: 0 | EV13: 0 | EW13: =EU13+EV13 -> 0 | EX13: 0 | EY13: 0 | EZ13: =EX13+EY13 -> 0 | FA13: 0 | FB13: 0 | FC13: =FA13+FB13 -> 0 | FD13: 1 | FE13: 0 | FF13: =FD13+FE13 -> 1 | FG13: 0 | FH13: 0 | FI13: =FG13+FH13 -> 0 | FJ13: 0 | FK13: 0 | FL13: =FJ13+FK13 -> 0 | FM13: 0 | FN13: 0 | FO13: =FM13+FN13 -> 0 | FP13: 0 | FQ13: 0 | FR13: =FP13+FQ13 -> 0 | FS13: 0 | FT13: 0 | FU13: =FS13+FT13 -> 0 | FV13: 0 | FW13: 0 | FX13: =FV13+FW13 -> 0 | FY13: 0 | FZ13: 0 | GA13: =FY13+FZ13 -> 0 | GB13: 0 | GC13: 0 | GD13: =GB13+GC13 -> 0 | GE13: 0 | GF13: 0 | GG13: =GE13+GF13 -> 0 | GH13: 1 | GI13: 0 | GJ13: =GH13+GI13 -> 1 | GK13: 23 | GL13: 21 | GM13: =GK13+GL13 -> 44 | GN13: 104 | GO13: 349 | GP13: =GN13+GO13 -> 453 | GQ13: 4 | GR13: 0 | GS13: =GQ13+GR13 -> 4 | GT13: 21 | GU13: 1 | GV13: =GT13+GU13 -> 22 | GW13: 2 | GX13: 3 | GY13: =GW13+GX13 -> 5 | GZ13: 2 | HA13: 0 | HB13: =GZ13+HA13 -> 2 | HC13: 0 | HD13: 0 | HE13: =HC13+HD13 -> 0 | HF13: 3 | HG13: 0 | HH13: =HF13+HG13 -> 3 | HI13: 21 | HJ13: 38 | HK13: =HI13+HJ13 -> 59 | HL13: 0 | HM13: 22 | HN13: =HL13+HM13 -> 22 | HO13: 0 | HP13: 53 | HQ13: =HO13+HP13 -> 53 | HR13: 0 | HS13: 4 | HT13: =HR13+HS13 -> 4 | HU13: 0 | HV13: 1 | HW13: =HU13+HV13 -> 1 | HX13: 0 | HY13: 0 | HZ13: =HX13+HY13 -> 0 | IA13: 0 | IB13: 0 | IC13: =IA13+IB13 -> 0 | ID13: 18 | IE13: 0 | IF13: =ID13+IE13 -> 18 | IG13: 0 | IH13: 1 | II13: =IG13+IH13 -> 1 | IJ13: 45 | IK13: 0 | IL13: =IJ13+IK13 -> 45 | IM13: 0 | IN13: 0 | IO13: =IM13+IN13 -> 0 | IP13: 0 | IQ13: 0 | IR13: =IP13+IQ13 -> 0 | IS13: 119 | IT13: 30 | IU13: =IS13+IT13 -> 149 | IV13: 0 | IW13: 0 | IX13: =IV13+IW13 -> 0 | IY13: 0 | IZ13: 0 | JA13: =IY13+IZ13 -> 0 | JB13: 0 | JC13: 0 | JD13: =JB13+JC13 -> 0 | JE13: 2009 | JF13: 446 | JG13: =JE13+JF13 -> 2455 | JH13: 2 | JI13: 0 | JJ13: =JH13+JI13 -> 2 | JK13: 0 | JL13: 0 | JM13: =JK13+JL13 -> 0 | JN13: 0 | JO13: 0 | JP13: =JN13+JO13 -> 0 | JQ13: 0 | JR13: 0 | JS13: =JQ13+JR13 -> 0 | JT13: 0 | JU13: 0 | JV13: =JT13+JU13 -> 0 | JW13: 0 | JX13: 0 | JY13: =JW13+JX13 -> 0 | JZ13: 0 | KA13: 0 | KB13: =JZ13+KA13 -> 0 | KC13: 0 | KD13: 0 | KE13: =KC13+KD13 -> 0 | KF13: 0 | KG13: 0 | KH13: =KF13+KG13 -> 0 | KI13: 0 | KJ13: 0 | KK13: =KI13+KJ13 -> 0 | KL13: 0 | KM13: 0 | KN13: =KL13+KM13 -> 0 | KO13: 0 | KP13: 0 | KQ13: =KO13+KP13 -> 0 | KR13: 0 | KS13: 0 | KT13: =KR13+KS13 -> 0 | KU13: 0 | KV13: 0 | KW13: =KU13+KV13 -> 0 | KX13: 0 | KY13: 0 | KZ13: =KX13+KY13 -> 0 | LA13: 0 | LB13: 0 | LC13: =LA13+LB13 -> 0 | LD13: 0 | LE13: 0 | LF13: =LD13+LE13 -> 0 | LG13: 0 | LH13: 0 | LI13: =LG13+LH13 -> 0 | LJ13: 0 | LK13: 0 | LL13: =LJ13+LK13 -> 0
A14: 4 | B14: 3275021004 | C14: BINTARAJAYA | D14: 3755 | E14: 3282 | F14: =D14+E14 -> 7037 | G14: 2 | H14: 6609 | I14: =G14+H14 -> 6611 | J14: 4336 | K14: 3767 | L14: =J14+K14 -> 8103 | M14: 322 | N14: 155 | O14: =M14+N14 -> 477 | P14: 368 | Q14: 325 | R14: =P14+Q14 -> 693 | S14: 26 | T14: 1 | U14: =S14+T14 -> 27 | V14: 28 | W14: 2 | X14: =V14+W14 -> 30 | Y14: 90 | Z14: 18 | AA14: =Y14+Z14 -> 108 | AB14: 19 | AC14: 7 | AD14: =AB14+AC14 -> 26 | AE14: 2 | AF14: 1 | AG14: =AE14+AF14 -> 3 | AH14: 0 | AI14: 0 | AJ14: =AH14+AI14 -> 0 | AK14: 16 | AL14: 2 | AM14: =AK14+AL14 -> 18 | AN14: 17 | AO14: 0 | AP14: =AN14+AO14 -> 17 | AQ14: 27 | AR14: 0 | AS14: =AQ14+AR14 -> 27 | AT14: 5787 | AU14: 2897 | AV14: =AT14+AU14 -> 8684 | AW14: 113 | AX14: 77 | AY14: =AW14+AX14 -> 190 | AZ14: 6 | BA14: 7 | BB14: =AZ14+BA14 -> 13 | BC14: 27 | BD14: 12 | BE14: =BC14+BD14 -> 39 | BF14: 477 | BG14: 10 | BH14: =BF14+BG14 -> 487 | BI14: 9 | BJ14: 2 | BK14: =BI14+BJ14 -> 11 | BL14: 0 | BM14: 0 | BN14: =BL14+BM14 -> 0 | BO14: 0 | BP14: 0 | BQ14: =BO14+BP14 -> 0 | BR14: 0 | BS14: 12 | BT14: =BR14+BS14 -> 12 | BU14: 0 | BV14: 0 | BW14: =BU14+BV14 -> 0 | BX14: 1 | BY14: 0 | BZ14: =BX14+BY14 -> 1 | CA14: 4 | CB14: 0 | CC14: =CA14+CB14 -> 4 | CD14: 4 | CE14: 0 | CF14: =CD14+CE14 -> 4 | CG14: 0 | CH14: 0 | CI14: =CG14+CH14 -> 0 | CJ14: 0 | CK14: 0 | CL14: =CJ14+CK14 -> 0 | CM14: 2 | CN14: 0 | CO14: =CM14+CN14 -> 2 | CP14: 0 | CQ14: 0 | CR14: =CP14+CQ14 -> 0 | CS14: 0 | CT14: 2 | CU14: =CS14+CT14 -> 2 | CV14: 0 | CW14: 0 | CX14: =CV14+CW14 -> 0 | CY14: 0 | CZ14: 1 | DA14: =CY14+CZ14 -> 1 | DB14: 9 | DC14: 0 | DD14: =DB14+DC14 -> 9 | DE14: 4 | DF14: 2 | DG14: =DE14+DF14 -> 6 | DH14: 0 | DI14: 0 | DJ14: =DH14+DI14 -> 0 | DK14: 0 | DL14: 0 | DM14: =DK14+DL14 -> 0 | DN14: 0 | DO14: 1 | DP14: =DN14+DO14 -> 1 | DQ14: 0 | DR14: 0 | DS14: =DQ14+DR14 -> 0 | DT14: 0 | DU14: 0 | DV14: =DT14+DU14 -> 0 | DW14: 6 | DX14: 3 | DY14: =DW14+DX14 -> 9 | DZ14: 0 | EA14: 0 | EB14: =DZ14+EA14 -> 0 | EC14: 20 | ED14: 0 | EE14: =EC14+ED14 -> 20 | EF14: 7 | EG14: 0 | EH14: =EF14+EG14 -> 7 | EI14: 1 | EJ14: 1 | EK14: =EI14+EJ14 -> 2 | EL14: 0 | EM14: 0 | EN14: =EL14+EM14 -> 0 | EO14: 0 | EP14: 0 | EQ14: =EO14+EP14 -> 0 | ER14: 0 | ES14: 0 | ET14: =ER14+ES14 -> 0 | EU14: 0 | EV14: 0 | EW14: =EU14+EV14 -> 0 | EX14: 0 | EY14: 0 | EZ14: =EX14+EY14 -> 0 | FA14: 0 | FB14: 0 | FC14: =FA14+FB14 -> 0 | FD14: 1 | FE14: 0 | FF14: =FD14+FE14 -> 1 | FG14: 0 | FH14: 0 | FI14: =FG14+FH14 -> 0 | FJ14: 0 | FK14: 0 | FL14: =FJ14+FK14 -> 0 | FM14: 0 | FN14: 0 | FO14: =FM14+FN14 -> 0 | FP14: 0 | FQ14: 0 | FR14: =FP14+FQ14 -> 0 | FS14: 0 | FT14: 0 | FU14: =FS14+FT14 -> 0 | FV14: 0 | FW14: 0 | FX14: =FV14+FW14 -> 0 | FY14: 0 | FZ14: 0 | GA14: =FY14+FZ14 -> 0 | GB14: 0 | GC14: 0 | GD14: =GB14+GC14 -> 0 | GE14: 0 | GF14: 0 | GG14: =GE14+GF14 -> 0 | GH14: 1 | GI14: 0 | GJ14: =GH14+GI14 -> 1 | GK14: 16 | GL14: 19 | GM14: =GK14+GL14 -> 35 | GN14: 94 | GO14: 216 | GP14: =GN14+GO14 -> 310 | GQ14: 0 | GR14: 0 | GS14: =GQ14+GR14 -> 0 | GT14: 5 | GU14: 2 | GV14: =GT14+GU14 -> 7 | GW14: 0 | GX14: 2 | GY14: =GW14+GX14 -> 2 | GZ14: 0 | HA14: 2 | HB14: =GZ14+HA14 -> 2 | HC14: 2 | HD14: 1 | HE14: =HC14+HD14 -> 3 | HF14: 2 | HG14: 0 | HH14: =HF14+HG14 -> 2 | HI14: 11 | HJ14: 35 | HK14: =HI14+HJ14 -> 46 | HL14: 0 | HM14: 18 | HN14: =HL14+HM14 -> 18 | HO14: 5 | HP14: 27 | HQ14: =HO14+HP14 -> 32 | HR14: 2 | HS14: 9 | HT14: =HR14+HS14 -> 11 | HU14: 0 | HV14: 1 | HW14: =HU14+HV14 -> 1 | HX14: 0 | HY14: 0 | HZ14: =HX14+HY14 -> 0 | IA14: 0 | IB14: 0 | IC14: =IA14+IB14 -> 0 | ID14: 8 | IE14: 0 | IF14: =ID14+IE14 -> 8 | IG14: 1 | IH14: 0 | II14: =IG14+IH14 -> 1 | IJ14: 49 | IK14: 0 | IL14: =IJ14+IK14 -> 49 | IM14: 1 | IN14: 0 | IO14: =IM14+IN14 -> 1 | IP14: 1 | IQ14: 0 | IR14: =IP14+IQ14 -> 1 | IS14: 87 | IT14: 14 | IU14: =IS14+IT14 -> 101 | IV14: 0 | IW14: 0 | IX14: =IV14+IW14 -> 0 | IY14: 0 | IZ14: 0 | JA14: =IY14+IZ14 -> 0 | JB14: 0 | JC14: 0 | JD14: =JB14+JC14 -> 0 | JE14: 1948 | JF14: 405 | JG14: =JE14+JF14 -> 2353 | JH14: 0 | JI14: 0 | JJ14: =JH14+JI14 -> 0 | JK14: 0 | JL14: 0 | JM14: =JK14+JL14 -> 0 | JN14: 0 | JO14: 0 | JP14: =JN14+JO14 -> 0 | JQ14: 0 | JR14: 0 | JS14: =JQ14+JR14 -> 0 | JT14: 0 | JU14: 0 | JV14: =JT14+JU14 -> 0 | JW14: 0 | JX14: 0 | JY14: =JW14+JX14 -> 0 | JZ14: 0 | KA14: 0 | KB14: =JZ14+KA14 -> 0 | KC14: 0 | KD14: 0 | KE14: =KC14+KD14 -> 0 | KF14: 0 | KG14: 0 | KH14: =KF14+KG14 -> 0 | KI14: 0 | KJ14: 0 | KK14: =KI14+KJ14 -> 0 | KL14: 0 | KM14: 0 | KN14: =KL14+KM14 -> 0 | KO14: 0 | KP14: 0 | KQ14: =KO14+KP14 -> 0 | KR14: 0 | KS14: 0 | KT14: =KR14+KS14 -> 0 | KU14: 0 | KV14: 0 | KW14: =KU14+KV14 -> 0 | KX14: 0 | KY14: 0 | KZ14: =KX14+KY14 -> 0 | LA14: 0 | LB14: 0 | LC14: =LA14+LB14 -> 0 | LD14: 0 | LE14: 0 | LF14: =LD14+LE14 -> 0 | LG14: 0 | LH14: 0 | LI14: =LG14+LH14 -> 0 | LJ14: 0 | LK14: 0 | LL14: =LJ14+LK14 -> 0
A15: 4 | B15: 3275021005 | C15: JAKASAMPURNA | D15: 7663 | E15: 6763 | F15: =D15+E15 -> 14426 | G15: 3 | H15: 13665 | I15: =G15+H15 -> 13668 | J15: 9630 | K15: 8434 | L15: =J15+K15 -> 18064 | M15: 522 | N15: 269 | O15: =M15+N15 -> 791 | P15: 566 | Q15: 512 | R15: =P15+Q15 -> 1078 | S15: 57 | T15: 5 | U15: =S15+T15 -> 62 | V15: 90 | W15: 7 | X15: =V15+W15 -> 97 | Y15: 203 | Z15: 46 | AA15: =Y15+Z15 -> 249 | AB15: 23 | AC15: 14 | AD15: =AB15+AC15 -> 37 | AE15: 3 | AF15: 0 | AG15: =AE15+AF15 -> 3 | AH15: 0 | AI15: 0 | AJ15: =AH15+AI15 -> 0 | AK15: 41 | AL15: 7 | AM15: =AK15+AL15 -> 48 | AN15: 10 | AO15: 1 | AP15: =AN15+AO15 -> 11 | AQ15: 57 | AR15: 0 | AS15: =AQ15+AR15 -> 57 | AT15: 11887 | AU15: 6252 | AV15: =AT15+AU15 -> 18139 | AW15: 236 | AX15: 159 | AY15: =AW15+AX15 -> 395 | AZ15: 14 | BA15: 10 | BB15: =AZ15+BA15 -> 24 | BC15: 51 | BD15: 25 | BE15: =BC15+BD15 -> 76 | BF15: 1404 | BG15: 69 | BH15: =BF15+BG15 -> 1473 | BI15: 15 | BJ15: 4 | BK15: =BI15+BJ15 -> 19 | BL15: 1 | BM15: 0 | BN15: =BL15+BM15 -> 1 | BO15: 1 | BP15: 1 | BQ15: =BO15+BP15 -> 2 | BR15: 4 | BS15: 15 | BT15: =BR15+BS15 -> 19 | BU15: 0 | BV15: 0 | BW15: =BU15+BV15 -> 0 | BX15: 0 | BY15: 0 | BZ15: =BX15+BY15 -> 0 | CA15: 4 | CB15: 0 | CC15: =CA15+CB15 -> 4 | CD15: 0 | CE15: 0 | CF15: =CD15+CE15 -> 0 | CG15: 0 | CH15: 0 | CI15: =CG15+CH15 -> 0 | CJ15: 1 | CK15: 0 | CL15: =CJ15+CK15 -> 1 | CM15: 8 | CN15: 3 | CO15: =CM15+CN15 -> 11 | CP15: 3 | CQ15: 0 | CR15: =CP15+CQ15 -> 3 | CS15: 0 | CT15: 0 | CU15: =CS15+CT15 -> 0 | CV15: 0 | CW15: 1 | CX15: =CV15+CW15 -> 1 | CY15: 0 | CZ15: 2 | DA15: =CY15+CZ15 -> 2 | DB15: 8 | DC15: 0 | DD15: =DB15+DC15 -> 8 | DE15: 12 | DF15: 5 | DG15: =DE15+DF15 -> 17 | DH15: 0 | DI15: 0 | DJ15: =DH15+DI15 -> 0 | DK15: 0 | DL15: 0 | DM15: =DK15+DL15 -> 0 | DN15: 0 | DO15: 0 | DP15: =DN15+DO15 -> 0 | DQ15: 0 | DR15: 0 | DS15: =DQ15+DR15 -> 0 | DT15: 0 | DU15: 0 | DV15: =DT15+DU15 -> 0 | DW15: 19 | DX15: 3 | DY15: =DW15+DX15 -> 22 | DZ15: 0 | EA15: 0 | EB15: =DZ15+EA15 -> 0 | EC15: 29 | ED15: 6 | EE15: =EC15+ED15 -> 35 | EF15: 4 | EG15: 1 | EH15: =EF15+EG15 -> 5 | EI15: 1 | EJ15: 0 | EK15: =EI15+EJ15 -> 1 | EL15: 0 | EM15: 0 | EN15: =EL15+EM15 -> 0 | EO15: 1 | EP15: 0 | EQ15: =EO15+EP15 -> 1 | ER15: 0 | ES15: 0 | ET15: =ER15+ES15 -> 0 | EU15: 1 | EV15: 0 | EW15: =EU15+EV15 -> 1 | EX15: 0 | EY15: 0 | EZ15: =EX15+EY15 -> 0 | FA15: 0 | FB15: 0 | FC15: =FA15+FB15 -> 0 | FD15: 0 | FE15: 0 | FF15: =FD15+FE15 -> 0 | FG15: 0 | FH15: 0 | FI15: =FG15+FH15 -> 0 | FJ15: 0 | FK15: 0 | FL15: =FJ15+FK15 -> 0 | FM15: 0 | FN15: 0 | FO15: =FM15+FN15 -> 0 | FP15: 0 | FQ15: 0 | FR15: =FP15+FQ15 -> 0 | FS15: 0 | FT15: 0 | FU15: =FS15+FT15 -> 0 | FV15: 0 | FW15: 0 | FX15: =FV15+FW15 -> 0 | FY15: 0 | FZ15: 0 | GA15: =FY15+FZ15 -> 0 | GB15: 1 | GC15: 0 | GD15: =GB15+GC15 -> 1 | GE15: 0 | GF15: 1 | GG15: =GE15+GF15 -> 1 | GH15: 1 | GI15: 0 | GJ15: =GH15+GI15 -> 1 | GK15: 44 | GL15: 25 | GM15: =GK15+GL15 -> 69 | GN15: 150 | GO15: 425 | GP15: =GN15+GO15 -> 575 | GQ15: 7 | GR15: 0 | GS15: =GQ15+GR15 -> 7 | GT15: 28 | GU15: 3 | GV15: =GT15+GU15 -> 31 | GW15: 5 | GX15: 5 | GY15: =GW15+GX15 -> 10 | GZ15: 5 | HA15: 3 | HB15: =GZ15+HA15 -> 8 | HC15: 0 | HD15: 4 | HE15: =HC15+HD15 -> 4 | HF15: 9 | HG15: 2 | HH15: =HF15+HG15 -> 11 | HI15: 67 | HJ15: 131 | HK15: =HI15+HJ15 -> 198 | HL15: 0 | HM15: 41 | HN15: =HL15+HM15 -> 41 | HO15: 5 | HP15: 50 | HQ15: =HO15+HP15 -> 55 | HR15: 3 | HS15: 10 | HT15: =HR15+HS15 -> 13 | HU15: 0 | HV15: 2 | HW15: =HU15+HV15 -> 2 | HX15: 0 | HY15: 0 | HZ15: =HX15+HY15 -> 0 | IA15: 0 | IB15: 0 | IC15: =IA15+IB15 -> 0 | ID15: 13 | IE15: 1 | IF15: =ID15+IE15 -> 14 | IG15: 0 | IH15: 0 | II15: =IG15+IH15 -> 0 | IJ15: 136 | IK15: 0 | IL15: =IJ15+IK15 -> 136 | IM15: 0 | IN15: 0 | IO15: =IM15+IN15 -> 0 | IP15: 1 | IQ15: 0 | IR15: =IP15+IQ15 -> 1 | IS15: 185 | IT15: 50 | IU15: =IS15+IT15 -> 235 | IV15: 2 | IW15: 0 | IX15: =IV15+IW15 -> 2 | IY15: 0 | IZ15: 0 | JA15: =IY15+IZ15 -> 0 | JB15: 0 | JC15: 0 | JD15: =JB15+JC15 -> 0 | JE15: 4397 | JF15: 965 | JG15: =JE15+JF15 -> 5362 | JH15: 1 | JI15: 1 | JJ15: =JH15+JI15 -> 2 | JK15: 0 | JL15: 0 | JM15: =JK15+JL15 -> 0 | JN15: 2 | JO15: 0 | JP15: =JN15+JO15 -> 2 | JQ15: 0 | JR15: 0 | JS15: =JQ15+JR15 -> 0 | JT15: 0 | JU15: 0 | JV15: =JT15+JU15 -> 0 | JW15: 0 | JX15: 0 | JY15: =JW15+JX15 -> 0 | JZ15: 0 | KA15: 0 | KB15: =JZ15+KA15 -> 0 | KC15: 0 | KD15: 0 | KE15: =KC15+KD15 -> 0 | KF15: 0 | KG15: 0 | KH15: =KF15+KG15 -> 0 | KI15: 0 | KJ15: 0 | KK15: =KI15+KJ15 -> 0 | KL15: 0 | KM15: 0 | KN15: =KL15+KM15 -> 0 | KO15: 0 | KP15: 0 | KQ15: =KO15+KP15 -> 0 | KR15: 0 | KS15: 0 | KT15: =KR15+KS15 -> 0 | KU15: 0 | KV15: 0 | KW15: =KU15+KV15 -> 0 | KX15: 0 | KY15: 0 | KZ15: =KX15+KY15 -> 0 | LA15: 0 | LB15: 0 | LC15: =LA15+LB15 -> 0 | LD15: 0 | LE15: 0 | LF15: =LD15+LE15 -> 0 | LG15: 0 | LH15: 0 | LI15: =LG15+LH15 -> 0 | LJ15: 1 | LK15: 0 | LL15: =LJ15+LK15 -> 1
A16: 3 | B16: 327503 | C16: BEKASI UTARA | D16: 36088 | E16: 31717 | F16: =D16+E16 -> 67805 | G16: 50 | H16: 62060 | I16: =G16+H16 -> 62110 | J16: 46354 | K16: 40127 | L16: =J16+K16 -> 86481 | M16: 2036 | N16: 759 | O16: =M16+N16 -> 2795 | P16: 2974 | Q16: 2584 | R16: =P16+Q16 -> 5558 | S16: 477 | T16: 22 | U16: =S16+T16 -> 499 | V16: 494 | W16: 39 | X16: =V16+W16 -> 533 | Y16: 658 | Z16: 178 | AA16: =Y16+Z16 -> 836 | AB16: 158 | AC16: 50 | AD16: =AB16+AC16 -> 208 | AE16: 13 | AF16: 1 | AG16: =AE16+AF16 -> 14 | AH16: 9 | AI16: 0 | AJ16: =AH16+AI16 -> 9 | AK16: 43 | AL16: 6 | AM16: =AK16+AL16 -> 49 | AN16: 63 | AO16: 1 | AP16: =AN16+AO16 -> 64 | AQ16: 95 | AR16: 1 | AS16: =AQ16+AR16 -> 96 | AT16: 58310 | AU16: 26773 | AV16: =AT16+AU16 -> 85083 | AW16: 1268 | AX16: 598 | AY16: =AW16+AX16 -> 1866 | AZ16: 89 | BA16: 62 | BB16: =AZ16+BA16 -> 151 | BC16: 455 | BD16: 295 | BE16: =BC16+BD16 -> 750 | BF16: 5894 | BG16: 253 | BH16: =BF16+BG16 -> 6147 | BI16: 164 | BJ16: 14 | BK16: =BI16+BJ16 -> 178 | BL16: 2 | BM16: 0 | BN16: =BL16+BM16 -> 2 | BO16: 4 | BP16: 0 | BQ16: =BO16+BP16 -> 4 | BR16: 3 | BS16: 103 | BT16: =BR16+BS16 -> 106 | BU16: 5 | BV16: 0 | BW16: =BU16+BV16 -> 5 | BX16: 26 | BY16: 0 | BZ16: =BX16+BY16 -> 26 | CA16: 92 | CB16: 0 | CC16: =CA16+CB16 -> 92 | CD16: 19 | CE16: 0 | CF16: =CD16+CE16 -> 19 | CG16: 1 | CH16: 0 | CI16: =CG16+CH16 -> 1 | CJ16: 24 | CK16: 1 | CL16: =CJ16+CK16 -> 25 | CM16: 48 | CN16: 34 | CO16: =CM16+CN16 -> 82 | CP16: 0 | CQ16: 0 | CR16: =CP16+CQ16 -> 0 | CS16: 2 | CT16: 20 | CU16: =CS16+CT16 -> 22 | CV16: 2 | CW16: 0 | CX16: =CV16+CW16 -> 2 | CY16: 2 | CZ16: 18 | DA16: =CY16+CZ16 -> 20 | DB16: 124 | DC16: 0 | DD16: =DB16+DC16 -> 124 | DE16: 56 | DF16: 9 | DG16: =DE16+DF16 -> 65 | DH16: 2 | DI16: 0 | DJ16: =DH16+DI16 -> 2 | DK16: 1 | DL16: 1 | DM16: =DK16+DL16 -> 2 | DN16: 0 | DO16: 2 | DP16: =DN16+DO16 -> 2 | DQ16: 0 | DR16: 2 | DS16: =DQ16+DR16 -> 2 | DT16: 5 | DU16: 0 | DV16: =DT16+DU16 -> 5 | DW16: 65 | DX16: 13 | DY16: =DW16+DX16 -> 78 | DZ16: 7 | EA16: 0 | EB16: =DZ16+EA16 -> 7 | EC16: 120 | ED16: 12 | EE16: =EC16+ED16 -> 132 | EF16: 24 | EG16: 11 | EH16: =EF16+EG16 -> 35 | EI16: 4 | EJ16: 7 | EK16: =EI16+EJ16 -> 11 | EL16: 3 | EM16: 0 | EN16: =EL16+EM16 -> 3 | EO16: 1 | EP16: 0 | EQ16: =EO16+EP16 -> 1 | ER16: 1 | ES16: 0 | ET16: =ER16+ES16 -> 1 | EU16: 0 | EV16: 0 | EW16: =EU16+EV16 -> 0 | EX16: 0 | EY16: 0 | EZ16: =EX16+EY16 -> 0 | FA16: 0 | FB16: 0 | FC16: =FA16+FB16 -> 0 | FD16: 1 | FE16: 0 | FF16: =FD16+FE16 -> 1 | FG16: 0 | FH16: 0 | FI16: =FG16+FH16 -> 0 | FJ16: 0 | FK16: 0 | FL16: =FJ16+FK16 -> 0 | FM16: 0 | FN16: 0 | FO16: =FM16+FN16 -> 0 | FP16: 0 | FQ16: 0 | FR16: =FP16+FQ16 -> 0 | FS16: 0 | FT16: 0 | FU16: =FS16+FT16 -> 0 | FV16: 0 | FW16: 0 | FX16: =FV16+FW16 -> 0 | FY16: 0 | FZ16: 0 | GA16: =FY16+FZ16 -> 0 | GB16: 0 | GC16: 0 | GD16: =GB16+GC16 -> 0 | GE16: 0 | GF16: 0 | GG16: =GE16+GF16 -> 0 | GH16: 3 | GI16: 0 | GJ16: =GH16+GI16 -> 3 | GK16: 148 | GL16: 132 | GM16: =GK16+GL16 -> 280 | GN16: 1166 | GO16: 3288 | GP16: =GN16+GO16 -> 4454 | GQ16: 11 | GR16: 0 | GS16: =GQ16+GR16 -> 11 | GT16: 76 | GU16: 7 | GV16: =GT16+GU16 -> 83 | GW16: 9 | GX16: 10 | GY16: =GW16+GX16 -> 19 | GZ16: 18 | HA16: 4 | HB16: =GZ16+HA16 -> 22 | HC16: 12 | HD16: 3 | HE16: =HC16+HD16 -> 15 | HF16: 27 | HG16: 6 | HH16: =HF16+HG16 -> 33 | HI16: 129 | HJ16: 319 | HK16: =HI16+HJ16 -> 448 | HL16: 0 | HM16: 310 | HN16: =HL16+HM16 -> 310 | HO16: 76 | HP16: 557 | HQ16: =HO16+HP16 -> 633 | HR16: 12 | HS16: 63 | HT16: =HR16+HS16 -> 75 | HU16: 0 | HV16: 7 | HW16: =HU16+HV16 -> 7 | HX16: 2 | HY16: 0 | HZ16: =HX16+HY16 -> 2 | IA16: 0 | IB16: 2 | IC16: =IA16+IB16 -> 2 | ID16: 315 | IE16: 1 | IF16: =ID16+IE16 -> 316 | IG16: 3 | IH16: 2 | II16: =IG16+IH16 -> 5 | IJ16: 674 | IK16: 1 | IL16: =IJ16+IK16 -> 675 | IM16: 0 | IN16: 0 | IO16: =IM16+IN16 -> 0 | IP16: 0 | IQ16: 0 | IR16: =IP16+IQ16 -> 0 | IS16: 1336 | IT16: 434 | IU16: =IS16+IT16 -> 1770 | IV16: 3 | IW16: 2 | IX16: =IV16+IW16 -> 5 | IY16: 0 | IZ16: 0 | JA16: =IY16+IZ16 -> 0 | JB16: 1 | JC16: 0 | JD16: =JB16+JC16 -> 1 | JE16: 14146 | JF16: 3180 | JG16: =JE16+JF16 -> 17326 | JH16: 5 | JI16: 6 | JJ16: =JH16+JI16 -> 11 | JK16: 1 | JL16: 1 | JM16: =JK16+JL16 -> 2 | JN16: 0 | JO16: 0 | JP16: =JN16+JO16 -> 0 | JQ16: 0 | JR16: 0 | JS16: =JQ16+JR16 -> 0 | JT16: 0 | JU16: 0 | JV16: =JT16+JU16 -> 0 | JW16: 0 | JX16: 0 | JY16: =JW16+JX16 -> 0 | JZ16: 0 | KA16: 0 | KB16: =JZ16+KA16 -> 0 | KC16: 0 | KD16: 0 | KE16: =KC16+KD16 -> 0 | KF16: 2 | KG16: 0 | KH16: =KF16+KG16 -> 2 | KI16: 0 | KJ16: 0 | KK16: =KI16+KJ16 -> 0 | KL16: 0 | KM16: 0 | KN16: =KL16+KM16 -> 0 | KO16: 0 | KP16: 0 | KQ16: =KO16+KP16 -> 0 | KR16: 0 | KS16: 0 | KT16: =KR16+KS16 -> 0 | KU16: 0 | KV16: 0 | KW16: =KU16+KV16 -> 0 | KX16: 0 | KY16: 0 | KZ16: =KX16+KY16 -> 0 | LA16: 0 | LB16: 0 | LC16: =LA16+LB16 -> 0 | LD16: 0 | LE16: 0 | LF16: =LD16+LE16 -> 0 | LG16: 0 | LH16: 0 | LI16: =LG16+LH16 -> 0 | LJ16: 2 | LK16: 1 | LL16: =LJ16+LK16 -> 3
... A72: 4 | B72: 3275121004 | C72: JATIMURNI | D72: 2884 | E72: 2683 | F72: =D72+E72 -> 5567 | G72: 5 | H72: 5438 | I72: =G72+H72 -> 5443 | J72: 3571 | K72: 3089 | L72: =J72+K72 -> 6660 | M72: 223 | N72: 70 | O72: =M72+N72 -> 293 | P72: 226 | Q72: 164 | R72: =P72+Q72 -> 390 | S72: 174 | T72: 18 | U72: =S72+T72 -> 192 | V72: 63 | W72: 3 | X72: =V72+W72 -> 66 | Y72: 103 | Z72: 18 | AA72: =Y72+Z72 -> 121 | AB72: 30 | AC72: 8 | AD72: =AB72+AC72 -> 38 | AE72: 1 | AF72: 0 | AG72: =AE72+AF72 -> 1 | AH72: 1 | AI72: 0 | AJ72: =AH72+AI72 -> 1 | AK72: 16 | AL72: 3 | AM72: =AK72+AL72 -> 19 | AN72: 7 | AO72: 0 | AP72: =AN72+AO72 -> 7 | AQ72: 16 | AR72: 2 | AS72: =AQ72+AR72 -> 18 | AT72: 4431 | AU72: 2031 | AV72: =AT72+AU72 -> 6462 | AW72: 62 | AX72: 32 | AY72: =AW72+AX72 -> 94 | AZ72: 2 | BA72: 0 | BB72: =AZ72+BA72 -> 2 | BC72: 19 | BD72: 9 | BE72: =BC72+BD72 -> 28 | BF72: 561 | BG72: 14 | BH72: =BF72+BG72 -> 575 | BI72: 16 | BJ72: 4 | BK72: =BI72+BJ72 -> 20 | BL72: 0 | BM72: 0 | BN72: =BL72+BM72 -> 0 | BO72: 1 | BP72: 0 | BQ72: =BO72+BP72 -> 1 | BR72: 0 | BS72: 6 | BT72: =BR72+BS72 -> 6 | BU72: 0 | BV72: 0 | BW72: =BU72+BV72 -> 0 | BX72: 0 | BY72: 0 | BZ72: =BX72+BY72 -> 0 | CA72: 1 | CB72: 0 | CC72: =CA72+CB72 -> 1 | CD72: 2 | CE72: 0 | CF72: =CD72+CE72 -> 2 | CG72: 0 | CH72: 0 | CI72: =CG72+CH72 -> 0 | CJ72: 1 | CK72: 0 | CL72: =CJ72+CK72 -> 1 | CM72: 3 | CN72: 2 | CO72: =CM72+CN72 -> 5 | CP72: 0 | CQ72: 0 | CR72: =CP72+CQ72 -> 0 | CS72: 0 | CT72: 0 | CU72: =CS72+CT72 -> 0 | CV72: 0 | CW72: 0 | CX72: =CV72+CW72 -> 0 | CY72: 0 | CZ72: 0 | DA72: =CY72+CZ72 -> 0 | DB72: 5 | DC72: 0 | DD72: =DB72+DC72 -> 5 | DE72: 14 | DF72: 1 | DG72: =DE72+DF72 -> 15 | DH72: 0 | DI72: 0 | DJ72: =DH72+DI72 -> 0 | DK72: 0 | DL72: 0 | DM72: =DK72+DL72 -> 0 | DN72: 0 | DO72: 0 | DP72: =DN72+DO72 -> 0 | DQ72: 0 | DR72: 0 | DS72: =DQ72+DR72 -> 0 | DT72: 0 | DU72: 0 | DV72: =DT72+DU72 -> 0 | DW72: 12 | DX72: 5 | DY72: =DW72+DX72 -> 17 | DZ72: 1 | EA72: 0 | EB72: =DZ72+EA72 -> 1 | EC72: 14 | ED72: 1 | EE72: =EC72+ED72 -> 15 | EF72: 2 | EG72: 0 | EH72: =EF72+EG72 -> 2 | EI72: 0 | EJ72: 0 | EK72: =EI72+EJ72 -> 0 | EL72: 0 | EM72: 0 | EN72: =EL72+EM72 -> 0 | EO72: 0 | EP72: 0 | EQ72: =EO72+EP72 -> 0 | ER72: 0 | ES72: 0 | ET72: =ER72+ES72 -> 0 | EU72: 0 | EV72: 0 | EW72: =EU72+EV72 -> 0 | EX72: 0 | EY72: 0 | EZ72: =EX72+EY72 -> 0 | FA72: 0 | FB72: 0 | FC72: =FA72+FB72 -> 0 | FD72: 0 | FE72: 0 | FF72: =FD72+FE72 -> 0 | FG72: 0 | FH72: 0 | FI72: =FG72+FH72 -> 0 | FJ72: 0 | FK72: 0 | FL72: =FJ72+FK72 -> 0 | FM72: 0 | FN72: 0 | FO72: =FM72+FN72 -> 0 | FP72: 0 | FQ72: 0 | FR72: =FP72+FQ72 -> 0 | FS72: 0 | FT72: 0 | FU72: =FS72+FT72 -> 0 | FV72: 0 | FW72: 0 | FX72: =FV72+FW72 -> 0 | FY72: 0 | FZ72: 0 | GA72: =FY72+FZ72 -> 0 | GB72: 0 | GC72: 0 | GD72: =GB72+GC72 -> 0 | GE72: 0 | GF72: 0 | GG72: =GE72+GF72 -> 0 | GH72: 0 | GI72: 0 | GJ72: =GH72+GI72 -> 0 | GK72: 14 | GL72: 11 | GM72: =GK72+GL72 -> 25 | GN72: 104 | GO72: 256 | GP72: =GN72+GO72 -> 360 | GQ72: 2 | GR72: 0 | GS72: =GQ72+GR72 -> 2 | GT72: 4 | GU72: 3 | GV72: =GT72+GU72 -> 7 | GW72: 0 | GX72: 1 | GY72: =GW72+GX72 -> 1 | GZ72: 2 | HA72: 1 | HB72: =GZ72+HA72 -> 3 | HC72: 0 | HD72: 1 | HE72: =HC72+HD72 -> 1 | HF72: 1 | HG72: 1 | HH72: =HF72+HG72 -> 2 | HI72: 5 | HJ72: 33 | HK72: =HI72+HJ72 -> 38 | HL72: 0 | HM72: 29 | HN72: =HL72+HM72 -> 29 | HO72: 3 | HP72: 46 | HQ72: =HO72+HP72 -> 49 | HR72: 2 | HS72: 4 | HT72: =HR72+HS72 -> 6 | HU72: 0 | HV72: 1 | HW72: =HU72+HV72 -> 1 | HX72: 0 | HY72: 0 | HZ72: =HX72+HY72 -> 0 | IA72: 0 | IB72: 0 | IC72: =IA72+IB72 -> 0 | ID72: 13 | IE72: 0 | IF72: =ID72+IE72 -> 13 | IG72: 1 | IH72: 0 | II72: =IG72+IH72 -> 1 | IJ72: 61 | IK72: 0 | IL72: =IJ72+IK72 -> 61 | IM72: 0 | IN72: 0 | IO72: =IM72+IN72 -> 0 | IP72: 0 | IQ72: 0 | IR72: =IP72+IQ72 -> 0 | IS72: 67 | IT72: 15 | IU72: =IS72+IT72 -> 82 | IV72: 1 | IW72: 0 | IX72: =IV72+IW72 -> 1 | IY72: 0 | IZ72: 0 | JA72: =IY72+IZ72 -> 0 | JB72: 0 | JC72: 7 | JD72: =JB72+JC72 -> 7 | JE72: 1609 | JF72: 319 | JG72: =JE72+JF72 -> 1928 | JH72: 0 | JI72: 0 | JJ72: =JH72+JI72 -> 0 | JK72: 0 | JL72: 0 | JM72: =JK72+JL72 -> 0 | JN72: 0 | JO72: 0 | JP72: =JN72+JO72 -> 0 | JQ72: 0 | JR72: 0 | JS72: =JQ72+JR72 -> 0 | JT72: 0 | JU72: 0 | JV72: =JT72+JU72 -> 0 | JW72: 0 | JX72: 0 | JY72: =JW72+JX72 -> 0 | JZ72: 0 | KA72: 0 | KB72: =JZ72+KA72 -> 0 | KC72: 0 | KD72: 0 | KE72: =KC72+KD72 -> 0 | KF72: 0 | KG72: 0 | KH72: =KF72+KG72 -> 0 | KI72: 0 | KJ72: 0 | KK72: =KI72+KJ72 -> 0 | KL72: 0 | KM72: 0 | KN72: =KL72+KM72 -> 0 | KO72: 0 | KP72: 0 | KQ72: =KO72+KP72 -> 0 | KR72: 0 | KS72: 0 | KT72: =KR72+KS72 -> 0 | KU72: 0 | KV72: 0 | KW72: =KU72+KV72 -> 0 | KX72: 0 | KY72: 0 | KZ72: =KX72+KY72 -> 0 | LA72: 0 | LB72: 0 | LC72: =LA72+LB72 -> 0 | LD72: 0 | LE72: 0 | LF72: =LD72+LE72 -> 0 | LG72: 0 | LH72: 0 | LI72: =LG72+LH72 -> 0 | LJ72: 0 | LK72: 0 | LL72: =LJ72+LK72 -> 0

Sheet JUMDUK_GOLDAR
A1: JUMLAH PENDUDUK BERDASARKAN GOLONGAN DARAH
A2: SESUAI DKB SEMESTER 1 TAHUN 2026
A4: KODE | B4: WILAYAH | C4: 'A'_L | D4: 'A'_P | E4: 'A'_JML | F4: 'B'_L | G4: 'B'_P | H4: 'B'_JML | I4: 'AB'_L | J4: 'AB'_P | K4: 'AB'_JML | L4: 'O'_L | M4: 'O'_P | N4: 'O'_JML | O4: 'A+'_L | P4: 'A+'_P | Q4: 'A+'_JML | R4: 'A-'_L | S4: 'A-'_P | T4: 'A-'_JML | U4: 'B+'_L | V4: 'B+'_P | W4: 'B+'_JML | X4: 'B-'_L | Y4: 'B-'_P | Z4: 'B-'_JML | AA4: 'AB+'_L | AB4: 'AB+'_P | AC4: 'AB+'_JML | AD4: 'AB-'_L | AE4: 'AB-'_P | AF4: 'AB-'_JML | AG4: 'O+'_L | AH4: 'O+'_P | AI4: 'O+'_JML | AJ4: 'O-'_L | AK4: 'O-'_P | AL4: 'O-'_JML | AM4: 'TIDAK TAHU'_L | AN4: 'TIDAK TAHU'_P | AO4: 'TIDAK TAHU'_JML
B5: PROSENTASE | C5: =E6/$AP$6*100 -> 4.0376673 | F5: =H6/$AP$6*100 -> 4.7749581 | I5: =K6/$AP$6*100 -> 1.7113063 | L5: =N6/$AP$6*100 -> 8.6645766 | O5: =Q6/$AP$6*100 -> 0.57079342 | R5: =T6/$AP$6*100 -> 0.025122275 | U5: =W6/$AP$6*100 -> 0.21156407 | X5: =Z6/$AP$6*100 -> 0.014421336 | AA5: =AC6/$AP$6*100 -> 0.080813179 | AD5: =AF6/$AP$6*100 -> 0.028842672 | AG5: =AI6/$AP$6*100 -> 0.16975754 | AJ5: =AL6/$AP$6*100 -> 0.16975754 | AM5: =AO6/$AP$6*100 -> 79.54042
A6: 3275 | B6: KOTA BEKASI | C6: 50684 | D6: 54588 | E6: 105272 | F6: 59673 | G6: 64822 | H6: 124495 | I6: 22291 | J6: 22327 | K6: 44618 | L6: 113602 | M6: 112305 | N6: 225907 | O6: 7022 | P6: 7860 | Q6: 14882 | R6: 313 | S6: 342 | T6: 655 | U6: 2529 | V6: 2987 | W6: 5516 | X6: 175 | Y6: 201 | Z6: 376 | AA6: 942 | AB6: 1165 | AC6: 2107 | AD6: 367 | AE6: 385 | AF6: 752 | AG6: 2052 | AH6: 2374 | AI6: 4426 | AJ6: 2201 | AK6: 2225 | AL6: 4426 | AM6: 1038971 | AN6: 1034845 | AO6: 2073816 | AP6: =E6+H6+K6+N6+Q6+T6+W6+Z6+AC6+AF6+AI6+AL6+AO6 -> 2607248
A7: 327501 | B7: BEKASI TIMUR | C7: 5736 | D7: 6113 | E7: 11849 | F7: 6719 | G7: 7385 | H7: 14104 | I7: 2571 | J7: 2736 | K7: 5307 | L7: 12806 | M7: 12676 | N7: 25482 | O7: 474 | P7: 568 | Q7: 1042 | R7: 15 | S7: 19 | T7: 34 | U7: 248 | V7: 252 | W7: 500 | X7: 19 | Y7: 10 | Z7: 29 | AA7: 88 | AB7: 114 | AC7: 202 | AD7: 34 | AE7: 41 | AF7: 75 | AG7: 199 | AH7: 235 | AI7: 434 | AJ7: 135 | AK7: 127 | AL7: 262 | AM7: 108226 | AN7: 108765 | AO7: 216991
A8: 3275011001 | B8: BEKASIJAYA | C8: 1494 | D8: 1480 | E8: 2974 | F8: 1500 | G8: 1697 | H8: 3197 | I8: 562 | J8: 629 | K8: 1191 | L8: 2992 | M8: 2958 | N8: 5950 | O8: 70 | P8: 85 | Q8: 155 | R8: 2 | S8: 3 | T8: 5 | U8: 35 | V8: 60 | W8: 95 | X8: 7 | Y8: 2 | Z8: 9 | AA8: 30 | AB8: 28 | AC8: 58 | AD8: 14 | AE8: 17 | AF8: 31 | AG8: 41 | AH8: 49 | AI8: 90 | AJ8: 39 | AK8: 32 | AL8: 71 | AM8: 26177 | AN8: 26380 | AO8: 52557
A9: 3275011002 | B9: MARGAHAYU | C9: 1161 | D9: 1222 | E9: 2383 | F9: 1389 | G9: 1513 | H9: 2902 | I9: 568 | J9: 621 | K9: 1189 | L9: 2637 | M9: 2537 | N9: 5174 | O9: 156 | P9: 174 | Q9: 330 | R9: 6 | S9: 7 | T9: 13 | U9: 54 | V9: 55 | W9: 109 | X9: 5 | Y9: 2 | Z9: 7 | AA9: 16 | AB9: 24 | AC9: 40 | AD9: 6 | AE9: 6 | AF9: 12 | AG9: 48 | AH9: 59 | AI9: 107 | AJ9: 37 | AK9: 36 | AL9: 73 | AM9: 27337 | AN9: 27083 | AO9: 54420
A10: 3275011003 | B10: DURENJAYA | C10: 1546 | D10: 1778 | E10: 3324 | F10: 1988 | G10: 2120 | H10: 4108 | I10: 752 | J10: 775 | K10: 1527 | L10: 3756 | M10: 3705 | N10: 7461 | O10: 86 | P10: 98 | Q10: 184 | R10: 4 | S10: 7 | T10: 11 | U10: 95 | V10: 93 | W10: 188 | X10: 5 | Y10: 3 | Z10: 8 | AA10: 27 | AB10: 45 | AC10: 72 | AD10: 6 | AE10: 7 | AF10: 13 | AG10: 74 | AH10: 84 | AI10: 158 | AJ10: 35 | AK10: 33 | AL10: 68 | AM10: 29548 | AN10: 29848 | AO10: 59396
A11: 3275011004 | B11: ARENJAYA | C11: 1535 | D11: 1633 | E11: 3168 | F11: 1842 | G11: 2055 | H11: 3897 | I11: 689 | J11: 711 | K11: 1400 | L11: 3421 | M11: 3476 | N11: 6897 | O11: 162 | P11: 211 | Q11: 373 | R11: 3 | S11: 2 | T11: 5 | U11: 64 | V11: 44 | W11: 108 | X11: 2 | Y11: 3 | Z11: 5 | AA11: 15 | AB11: 17 | AC11: 32 | AD11: 8 | AE11: 11 | AF11: 19 | AG11: 36 | AH11: 43 | AI11: 79 | AJ11: 24 | AK11: 26 | AL11: 50 | AM11: 25164 | AN11: 25454 | AO11: 50618
A12: 327502 | B12: BEKASI BARAT | C12: 5277 | D12: 5770 | E12: 11047 | F12: 6385 | G12: 7020 | H12: 13405 | I12: 2367 | J12: 2508 | K12: 4875 | L12: 11690 | M12: 11629 | N12: 23319 | O12: 689 | P12: 770 | Q12: 1459 | R12: 18 | S12: 19 | T12: 37 | U12: 260 | V12: 279 | W12: 539 | X12: 10 | Y12: 14 | Z12: 24 | AA12: 94 | AB12: 107 | AC12: 201 | AD12: 36 | AE12: 29 | AF12: 65 | AG12: 209 | AH12: 232 | AI12: 441 | AJ12: 180 | AK12: 204 | AL12: 384 | AM12: 108614 | AN12: 107846 | AO12: 216460
A13: 3275021001 | B13: BINTARA | C13: 1324 | D13: 1419 | E13: 2743 | F13: 1681 | G13: 1782 | H13: 3463 | I13: 596 | J13: 609 | K13: 1205 | L13: 2852 | M13: 2956 | N13: 5808 | O13: 100 | P13: 116 | Q13: 216 | R13: 8 | S13: 4 | T13: 12 | U13: 60 | V13: 69 | W13: 129 | X13: 3 | Y13: 3 | Z13: 6 | AA13: 16 | AB13: 19 | AC13: 35 | AD13: 10 | AE13: 8 | AF13: 18 | AG13: 43 | AH13: 44 | AI13: 87 | AJ13: 42 | AK13: 65 | AL13: 107 | AM13: 26095 | AN13: 25592 | AO13: 51687
A14: 3275021002 | B14: KRANJI | C14: 649 | D14: 730 | E14: 1379 | F14: 832 | G14: 921 | H14: 1753 | I14: 330 | J14: 332 | K14: 662 | L14: 1572 | M14: 1568 | N14: 3140 | O14: 189 | P14: 193 | Q14: 382 | R14: 0 | S14: 3 | T14: 3 | U14: 35 | V14: 37 | W14: 72 | X14: 1 | Y14: 1 | Z14: 2 | AA14: 17 | AB14: 31 | AC14: 48 | AD14: 7 | AE14: 10 | AF14: 17 | AG14: 36 | AH14: 42 | AI14: 78 | AJ14: 44 | AK14: 35 | AL14: 79 | AM14: 21198 | AN14: 21106 | AO14: 42304
A15: 3275021003 | B15: KOTABARU | C15: 946 | D15: 1022 | E15: 1968 | F15: 1101 | G15: 1229 | H15: 2330 | I15: 393 | J15: 483 | K15: 876 | L15: 2112 | M15: 2016 | N15: 4128 | O15: 66 | P15: 87 | Q15: 153 | R15: 2 | S15: 3 | T15: 5 | U15: 50 | V15: 51 | W15: 101 | X15: 4 | Y15: 2 | Z15: 6 | AA15: 15 | AB15: 19 | AC15: 34 | AD15: 6 | AE15: 3 | AF15: 9 | AG15: 33 | AH15: 36 | AI15: 69 | AJ15: 29 | AK15: 20 | AL15: 49 | AM15: 17978 | AN15: 17816 | AO15: 35794
A16: 3275021004 | B16: BINTARAJAYA | C16: 790 | D16: 839 | E16: 1629 | F16: 998 | G16: 1086 | H16: 2084 | I16: 358 | J16: 364 | K16: 722 | L16: 1810 | M16: 1753 | N16: 3563 | O16: 58 | P16: 85 | Q16: 143 | R16: 4 | S16: 1 | T16: 5 | U16: 30 | V16: 22 | W16: 52 | X16: 1 | Y16: 2 | Z16: 3 | AA16: 10 | AB16: 12 | AC16: 22 | AD16: 4 | AE16: 1 | AF16: 5 | AG16: 27 | AH16: 36 | AI16: 63 | AJ16: 17 | AK16: 28 | AL16: 45 | AM16: 13612 | AN16: 13718 | AO16: 27330
A17: 3275021005 | B17: JAKASAMPURNA | C17: 1568 | D17: 1760 | E17: 3328 | F17: 1773 | G17: 2002 | H17: 3775 | I17: 690 | J17: 720 | K17: 1410 | L17: 3344 | M17: 3336 | N17: 6680 | O17: 276 | P17: 289 | Q17: 565 | R17: 4 | S17: 8 | T17: 12 | U17: 85 | V17: 100 | W17: 185 | X17: 1 | Y17: 6 | Z17: 7 | AA17: 36 | AB17: 26 | AC17: 62 | AD17: 9 | AE17: 7 | AF17: 16 | AG17: 70 | AH17: 74 | AI17: 144 | AJ17: 48 | AK17: 56 | AL17: 104 | AM17: 29731 | AN17: 29614 | AO17: 59345
A18: 327503 | B18: BEKASI UTARA | C18: 6597 | D18: 6921 | E18: 13518 | F18: 7732 | G18: 8280 | H18: 16012 | I18: 3164 | J18: 2990 | K18: 6154 | L18: 15593 | M18: 15078 | N18: 30671 | O18: 2579 | P18: 2732 | Q18: 5311 | R18: 16 | S18: 26 | T18: 42 | U18: 338 | V18: 434 | W18: 772 | X18: 13 | Y18: 15 | Z18: 28 | AA18: 133 | AB18: 162 | AC18: 295 | AD18: 44 | AE18: 35 | AF18: 79 | AG18: 270 | AH18: 293 | AI18: 563 | AJ18: 263 | AK18: 253 | AL18: 516 | AM18: 137771 | AN18: 136890 | AO18: 274661
... A74: 3275121004 | B74: JATIMURNI | C74: 643 | D74: 602 | E74: 1245 | F74: 663 | G74: 791 | H74: 1454 | I74: 274 | J74: 269 | K74: 543 | L74: 1492 | M74: 1397 | N74: 2889 | O74: 40 | P74: 57 | Q74: 97 | R74: 4 | S74: 1 | T74: 5 | U74: 25 | V74: 35 | W74: 60 | X74: 3 | Y74: 2 | Z74: 5 | AA74: 16 | AB74: 17 | AC74: 33 | AD74: 6 | AE74: 6 | AF74: 12 | AG74: 36 | AH74: 49 | AI74: 85 | AJ74: 39 | AK74: 41 | AL74: 80 | AM74: 11115 | AN74: 11062 | AO74: 22177

Sheet JUMDUK_STUSKWN
A1: JUMLAH PENDUDUK STATUS PERKAWINAN SESUAI DKB SEMESTER 1 TAHUN 2026
A3: KODE | B3: WILAYAH | C3: 'BELUM KAWIN'_L | D3: 'BELUM KAWIN'_P | E3: 'BELUM KAWIN'_JML | F3: 'KAWIN'_L | G3: 'KAWIN'_P | H3: 'KAWIN'_JML | I3: 'CERAI HIDUP'_L | J3: 'CERAI HIDUP'_P | K3: 'CERAI HIDUP'_JML | L3: 'CERAI MATI'_L | M3: 'CERAI MATI'_P | N3: 'CERAI MATI'_JML
A4: 3275 | B4: KOTA BEKASI | C4: 668490 | D4: 578079 | E4: =SUM(C4:D4) -> 1246569 | F4: 600434 | G4: 614890 | H4: =SUM(F4:G4) -> 1215324 | I4: 14170 | J4: 27283 | K4: =SUM(I4:J4) -> 41453 | L4: 17728 | M4: 86174 | N4: =SUM(L4:M4) -> 103902
A5: 327501 | B5: BEKASI TIMUR | C5: 70784 | D5: 61330 | E5: =SUM(C5:D5) -> 132114 | F5: 62423 | G5: 63895 | H5: =SUM(F5:G5) -> 126318 | I5: 1741 | J5: 3202 | K5: =SUM(I5:J5) -> 4943 | L5: 2322 | M5: 10614 | N5: =SUM(L5:M5) -> 12936
A6: 3275011001 | B6: BEKASIJAYA | C6: 17117 | D6: 14817 | E6: =SUM(C6:D6) -> 31934 | F6: 14891 | G6: 15246 | H6: =SUM(F6:G6) -> 30137 | I6: 442 | J6: 813 | K6: =SUM(I6:J6) -> 1255 | L6: 513 | M6: 2544 | N6: =SUM(L6:M6) -> 3057
A7: 3275011002 | B7: MARGAHAYU | C7: 17403 | D7: 14887 | E7: =SUM(C7:D7) -> 32290 | F7: 15055 | G7: 15343 | H7: =SUM(F7:G7) -> 30398 | I7: 438 | J7: 798 | K7: =SUM(I7:J7) -> 1236 | L7: 524 | M7: 2311 | N7: =SUM(L7:M7) -> 2835
A8: 3275011003 | B8: DURENJAYA | C8: 19368 | D8: 16935 | E8: =SUM(C8:D8) -> 36303 | F8: 17454 | G8: 17903 | H8: =SUM(F8:G8) -> 35357 | I8: 456 | J8: 848 | K8: =SUM(I8:J8) -> 1304 | L8: 644 | M8: 2910 | N8: =SUM(L8:M8) -> 3554
A9: 3275011004 | B9: ARENJAYA | C9: 16896 | D9: 14691 | E9: =SUM(C9:D9) -> 31587 | F9: 15023 | G9: 15403 | H9: =SUM(F9:G9) -> 30426 | I9: 405 | J9: 743 | K9: =SUM(I9:J9) -> 1148 | L9: 641 | M9: 2849 | N9: =SUM(L9:M9) -> 3490
A10: 327502 | B10: BEKASI BARAT | C10: 70073 | D10: 59666 | E10: =SUM(C10:D10) -> 129739 | F10: 61859 | G10: 63300 | H10: =SUM(F10:G10) -> 125159 | I10: 1583 | J10: 2999 | K10: =SUM(I10:J10) -> 4582 | L10: 2314 | M10: 10462 | N10: =SUM(L10:M10) -> 12776
A11: 3275021001 | B11: BINTARA | C11: 17076 | D11: 14269 | E11: =SUM(C11:D11) -> 31345 | F11: 14856 | G11: 15243 | H11: =SUM(F11:G11) -> 30099 | I11: 368 | J11: 734 | K11: =SUM(I11:J11) -> 1102 | L11: 530 | M11: 2440 | N11: =SUM(L11:M11) -> 2970
A12: 3275021002 | B12: KRANJI | C12: 12917 | D12: 11070 | E12: =SUM(C12:D12) -> 23987 | F12: 11292 | G12: 11487 | H12: =SUM(F12:G12) -> 22779 | I12: 284 | J12: 538 | K12: =SUM(I12:J12) -> 822 | L12: 417 | M12: 1914 | N12: =SUM(L12:M12) -> 2331
A13: 3275021003 | B13: KOTABARU | C13: 11471 | D13: 9748 | E13: =SUM(C13:D13) -> 21219 | F13: 10602 | G13: 10837 | H13: =SUM(F13:G13) -> 21439 | I13: 268 | J13: 449 | K13: =SUM(I13:J13) -> 717 | L13: 394 | M13: 1753 | N13: =SUM(L13:M13) -> 2147
A14: 3275021004 | B14: BINTARAJAYA | C14: 9121 | D14: 7815 | E14: =SUM(C14:D14) -> 16936 | F14: 8055 | G14: 8371 | H14: =SUM(F14:G14) -> 16426 | I14: 192 | J14: 390 | K14: =SUM(I14:J14) -> 582 | L14: 351 | M14: 1371 | N14: =SUM(L14:M14) -> 1722
A15: 3275021005 | B15: JAKASAMPURNA | C15: 19488 | D15: 16764 | E15: =SUM(C15:D15) -> 36252 | F15: 17054 | G15: 17362 | H15: =SUM(F15:G15) -> 34416 | I15: 471 | J15: 888 | K15: =SUM(I15:J15) -> 1359 | L15: 622 | M15: 2984 | N15: =SUM(L15:M15) -> 3606
... A72: 3275121004 | B72: JATIMURNI | C72: 7373 | D72: 6323 | E72: =SUM(C72:D72) -> 13696 | F72: 6605 | G72: 6731 | H72: =SUM(F72:G72) -> 13336 | I72: 140 | J72: 272 | K72: =SUM(I72:J72) -> 412 | L72: 238 | M72: 1003 | N72: =SUM(L72:M72) -> 1241

Sheet JUMDUK_STATHUBKEL
A1: JUMDUK BERDASARKAN STATUS HUBUNGAN KELUARGA
A2: SESUAI DKB SEMESTER 1 TAHUN 2026
A4: KODE | B4: WILAYAH | C4: KEPALA KELUARGA L | D4: KEPALA KELUARGA P | E4: KEPALA KELUARGA JML | F4: SUAMI L | G4: SUAMI P | H4: SUAMI JML | I4: ISTERI L | J4: ISTERI P | K4: ISTERI JML | L4: ANAK L | M4: ANAK P | N4: ANAK JML | O4: MENANTU L | P4: MENANTU P | Q4: MENANTU JML | R4: CUCU L | S4: CUCU P | T4: CUCU JML | U4: ORANG TUA L | V4: ORANG TUA P | W4: ORANG TUA JML | X4: MERTUA L | Y4: MERTUA P | Z4: MERTUA JML | AA4: FAMILI LAIN L | AB4: FAMILI LAIN P | AC4: FAMILI LAIN JML | AD4: PEMBANTU L | AE4: PEMBANTU P | AF4: PEMBANTU JML | AG4: LAINNYA L | AH4: LAINNYA P | AI4: LAINNYA JML
A5: 3275 | B5: KOTA BEKASI | C5: 660768 | D5: 171386 | E5: =C5+D5 -> 832154 | F5: 5 | G5: 0 | H5: =F5+G5 -> 5 | I5: 0 | J5: 560726 | K5: =I5+J5 -> 560726 | L5: 614792 | M5: 541627 | N5: =L5+M5 -> 1156419 | O5: 142 | P5: 173 | Q5: =O5+P5 -> 315 | R5: 6797 | S5: 5908 | T5: =R5+S5 -> 12705 | U5: 707 | V5: 6732 | W5: =U5+V5 -> 7439 | X5: 316 | Y5: 2580 | Z5: =X5+Y5 -> 2896 | AA5: 16045 | AB5: 15439 | AC5: =AA5+AB5 -> 31484 | AD5: 9 | AE5: 136 | AF5: =AD5+AE5 -> 145 | AG5: 1241 | AH5: 1719 | AI5: =AG5+AH5 -> 2960
A6: 327501 | B6: BEKASI TIMUR | C6: 69596 | D6: 20186 | E6: =C6+D6 -> 89782 | F6: 1 | G6: 0 | H6: =F6+G6 -> 1 | I6: 0 | J6: 58039 | K6: =I6+J6 -> 58039 | L6: 64482 | M6: 56676 | N6: =L6+M6 -> 121158 | O6: 22 | P6: 18 | Q6: =O6+P6 -> 40 | R6: 937 | S6: 861 | T6: =R6+S6 -> 1798 | U6: 92 | V6: 785 | W6: =U6+V6 -> 877 | X6: 43 | Y6: 299 | Z6: =X6+Y6 -> 342 | AA6: 1932 | AB6: 1971 | AC6: =AA6+AB6 -> 3903 | AD6: 0 | AE6: 10 | AF6: =AD6+AE6 -> 10 | AG6: 165 | AH6: 196 | AI6: =AG6+AH6 -> 361
A7: 3275011001 | B7: BEKASIJAYA | C7: 16538 | D7: 4883 | E7: =C7+D7 -> 21421 | F7: 0 | G7: 0 | H7: =F7+G7 -> 0 | I7: 0 | J7: 13776 | K7: =I7+J7 -> 13776 | L7: 15636 | M7: 13727 | N7: =L7+M7 -> 29363 | O7: 5 | P7: 6 | Q7: =O7+P7 -> 11 | R7: 241 | S7: 218 | T7: =R7+S7 -> 459 | U7: 23 | V7: 212 | W7: =U7+V7 -> 235 | X7: 13 | Y7: 82 | Z7: =X7+Y7 -> 95 | AA7: 480 | AB7: 479 | AC7: =AA7+AB7 -> 959 | AD7: 0 | AE7: 4 | AF7: =AD7+AE7 -> 4 | AG7: 27 | AH7: 33 | AI7: =AG7+AH7 -> 60
A8: 3275011002 | B8: MARGAHAYU | C8: 17006 | D8: 4987 | E8: =C8+D8 -> 21993 | F8: 1 | G8: 0 | H8: =F8+G8 -> 1 | I8: 0 | J8: 13807 | K8: =I8+J8 -> 13807 | L8: 15622 | M8: 13592 | N8: =L8+M8 -> 29214 | O8: 9 | P8: 8 | Q8: =O8+P8 -> 17 | R8: 221 | S8: 163 | T8: =R8+S8 -> 384 | U8: 18 | V8: 152 | W8: =U8+V8 -> 170 | X8: 6 | Y8: 66 | Z8: =X8+Y8 -> 72 | AA8: 468 | AB8: 488 | AC8: =AA8+AB8 -> 956 | AD8: 0 | AE8: 4 | AF8: =AD8+AE8 -> 4 | AG8: 69 | AH8: 72 | AI8: =AG8+AH8 -> 141
A9: 3275011003 | B9: DURENJAYA | C9: 19312 | D9: 5325 | E9: =C9+D9 -> 24637 | F9: 0 | G9: 0 | H9: =F9+G9 -> 0 | I9: 0 | J9: 16340 | K9: =I9+J9 -> 16340 | L9: 17790 | M9: 15790 | N9: =L9+M9 -> 33580 | O9: 3 | P9: 3 | Q9: =O9+P9 -> 6 | R9: 228 | S9: 238 | T9: =R9+S9 -> 466 | U9: 25 | V9: 225 | W9: =U9+V9 -> 250 | X9: 17 | Y9: 86 | Z9: =X9+Y9 -> 103 | AA9: 511 | AB9: 527 | AC9: =AA9+AB9 -> 1038 | AD9: 0 | AE9: 2 | AF9: =AD9+AE9 -> 2 | AG9: 36 | AH9: 60 | AI9: =AG9+AH9 -> 96
A10: 3275011004 | B10: ARENJAYA | C10: 16740 | D10: 4991 | E10: =C10+D10 -> 21731 | F10: 0 | G10: 0 | H10: =F10+G10 -> 0 | I10: 0 | J10: 14116 | K10: =I10+J10 -> 14116 | L10: 15434 | M10: 13567 | N10: =L10+M10 -> 29001 | O10: 5 | P10: 1 | Q10: =O10+P10 -> 6 | R10: 247 | S10: 242 | T10: =R10+S10 -> 489 | U10: 26 | V10: 196 | W10: =U10+V10 -> 222 | X10: 7 | Y10: 65 | Z10: =X10+Y10 -> 72 | AA10: 473 | AB10: 477 | AC10: =AA10+AB10 -> 950 | AD10: 0 | AE10: 0 | AF10: =AD10+AE10 -> 0 | AG10: 33 | AH10: 31 | AI10: =AG10+AH10 -> 64
A11: 327502 | B11: BEKASI BARAT | C11: 68898 | D11: 19794 | E11: =C11+D11 -> 88692 | F11: 0 | G11: 0 | H11: =F11+G11 -> 0 | I11: 0 | J11: 57461 | K11: =I11+J11 -> 57461 | L11: 64203 | M11: 55843 | N11: =L11+M11 -> 120046 | O11: 12 | P11: 9 | Q11: =O11+P11 -> 21 | R11: 777 | S11: 636 | T11: =R11+S11 -> 1413 | U11: 65 | V11: 700 | W11: =U11+V11 -> 765 | X11: 29 | Y11: 244 | Z11: =X11+Y11 -> 273 | AA11: 1723 | AB11: 1634 | AC11: =AA11+AB11 -> 3357 | AD11: 1 | AE11: 9 | AF11: =AD11+AE11 -> 10 | AG11: 121 | AH11: 97 | AI11: =AG11+AH11 -> 218
A12: 3275021001 | B12: BINTARA | C12: 16498 | D12: 4710 | E12: =C12+D12 -> 21208 | F12: 0 | G12: 0 | H12: =F12+G12 -> 0 | I12: 0 | J12: 13843 | K12: =I12+J12 -> 13843 | L12: 15696 | M12: 13364 | N12: =L12+M12 -> 29060 | O12: 5 | P12: 2 | Q12: =O12+P12 -> 7 | R12: 172 | S12: 145 | T12: =R12+S12 -> 317 | U12: 12 | V12: 161 | W12: =U12+V12 -> 173 | X12: 3 | Y12: 54 | Z12: =X12+Y12 -> 57 | AA12: 419 | AB12: 388 | AC12: =AA12+AB12 -> 807 | AD12: 0 | AE12: 0 | AF12: =AD12+AE12 -> 0 | AG12: 25 | AH12: 19 | AI12: =AG12+AH12 -> 44
A13: 3275021002 | B13: KRANJI | C13: 12620 | D13: 3595 | E13: =C13+D13 -> 16215 | F13: 0 | G13: 0 | H13: =F13+G13 -> 0 | I13: 0 | J13: 10397 | K13: =I13+J13 -> 10397 | L13: 11790 | M13: 10417 | N13: =L13+M13 -> 22207 | O13: 0 | P13: 1 | Q13: =O13+P13 -> 1 | R13: 143 | S13: 125 | T13: =R13+S13 -> 268 | U13: 14 | V13: 131 | W13: =U13+V13 -> 145 | X13: 9 | Y13: 47 | Z13: =X13+Y13 -> 56 | AA13: 319 | AB13: 279 | AC13: =AA13+AB13 -> 598 | AD13: 0 | AE13: 1 | AF13: =AD13+AE13 -> 1 | AG13: 15 | AH13: 16 | AI13: =AG13+AH13 -> 31
A14: 3275021003 | B14: KOTABARU | C14: 11730 | D14: 3196 | E14: =C14+D14 -> 14926 | F14: 0 | G14: 0 | H14: =F14+G14 -> 0 | I14: 0 | J14: 9906 | K14: =I14+J14 -> 9906 | L14: 10560 | M14: 9175 | N14: =L14+M14 -> 19735 | O14: 2 | P14: 1 | Q14: =O14+P14 -> 3 | R14: 127 | S14: 104 | T14: =R14+S14 -> 231 | U14: 15 | V14: 110 | W14: =U14+V14 -> 125 | X14: 4 | Y14: 38 | Z14: =X14+Y14 -> 42 | AA14: 270 | AB14: 238 | AC14: =AA14+AB14 -> 508 | AD14: 0 | AE14: 2 | AF14: =AD14+AE14 -> 2 | AG14: 27 | AH14: 17 | AI14: =AG14+AH14 -> 44
A15: 3275021004 | B15: BINTARAJAYA | C15: 8982 | D15: 2654 | E15: =C15+D15 -> 11636 | F15: 0 | G15: 0 | H15: =F15+G15 -> 0 | I15: 0 | J15: 7520 | K15: =I15+J15 -> 7520 | L15: 8397 | M15: 7312 | N15: =L15+M15 -> 15709 | O15: 1 | P15: 2 | Q15: =O15+P15 -> 3 | R15: 100 | S15: 76 | T15: =R15+S15 -> 176 | U15: 5 | V15: 110 | W15: =U15+V15 -> 115 | X15: 3 | Y15: 38 | Z15: =X15+Y15 -> 41 | AA15: 217 | AB15: 218 | AC15: =AA15+AB15 -> 435 | AD15: 0 | AE15: 2 | AF15: =AD15+AE15 -> 2 | AG15: 14 | AH15: 15 | AI15: =AG15+AH15 -> 29
A16: 3275021005 | B16: JAKASAMPURNA | C16: 19068 | D16: 5639 | E16: =C16+D16 -> 24707 | F16: 0 | G16: 0 | H16: =F16+G16 -> 0 | I16: 0 | J16: 15795 | K16: =I16+J16 -> 15795 | L16: 17760 | M16: 15575 | N16: =L16+M16 -> 33335 | O16: 4 | P16: 3 | Q16: =O16+P16 -> 7 | R16: 235 | S16: 186 | T16: =R16+S16 -> 421 | U16: 19 | V16: 188 | W16: =U16+V16 -> 207 | X16: 10 | Y16: 67 | Z16: =X16+Y16 -> 77 | AA16: 498 | AB16: 511 | AC16: =AA16+AB16 -> 1009 | AD16: 1 | AE16: 4 | AF16: =AD16+AE16 -> 5 | AG16: 40 | AH16: 30 | AI16: =AG16+AH16 -> 70
... A73: 3275121004 | B73: JATIMURNI | C73: 7340 | D73: 1909 | E73: =C73+D73 -> 9249 | F73: 0 | G73: 0 | H73: =F73+G73 -> 0 | I73: 0 | J73: 6185 | K73: =I73+J73 -> 6185 | L73: 6727 | M73: 5924 | N73: =L73+M73 -> 12651 | O73: 1 | P73: 3 | Q73: =O73+P73 -> 4 | R73: 61 | S73: 42 | T73: =R73+S73 -> 103 | U73: 6 | V73: 62 | W73: =U73+V73 -> 68 | X73: 5 | Y73: 28 | Z73: =X73+Y73 -> 33 | AA73: 176 | AB73: 143 | AC73: =AA73+AB73 -> 319 | AD73: 0 | AE73: 2 | AF73: =AD73+AE73 -> 2 | AG73: 40 | AH73: 31 | AI73: =AG73+AH73 -> 71

Sheet JUMDUK_DISABLITAS
A1: JUMLAH PENDUDUK BERDASARKAN DISABILITAS SESUAI DKB SEMESTER 1 TAHUN 2026
A3: KODE | B3: WILAYAH | C3: DISABILITAS FISIK L | D3: DISABILITAS FISIK P | E3: DISABILITAS FISIK TOTAL | F3: DISABILITAS NETRA/BUTA L | G3: DISABILITAS NETRA/BUTA P | H3: DISABILITAS NETRA/BUTA TOTAL | I3: DISABILITAS RUNGU/WICARA L | J3: DISABILITAS RUNGU/WICARA P | K3: DISABILITAS RUNGU/WICARA TOTAL | L3: DISABILITAS MENTAL/JIWA L | M3: DISABILITAS MENTAL/JIWA P | N3: DISABILITAS MENTAL/JIWA TOTAL | O3: DISABILITAS FISIK DAN MENTAL L | P3: DISABILITAS FISIK DAN MENTAL P | Q3: DISABILITAS FISIK DAN MENTAL TOTAL | R3: DISABILITAS LAINNYA L | S3: DISABILITAS LAINNYA P | T3: DISABILITAS LAINNYA TOTAL
A4: 3275 | B4: KOTA BEKASI | C4: 211 | D4: 167 | E4: 378 | F4: 143 | G4: 102 | H4: 245 | I4: 301 | J4: 239 | K4: 540 | L4: 681 | M4: 454 | N4: 1135 | O4: 82 | P4: 61 | Q4: 143 | R4: 3287 | S4: 2436 | T4: 5723
A5: 327501 | B5: BEKASI TIMUR | C5: 34 | D5: 26 | E5: 60 | F5: 22 | G5: 10 | H5: 32 | I5: 42 | J5: 32 | K5: 74 | L5: 68 | M5: 52 | N5: 120 | O5: 14 | P5: 3 | Q5: 17 | R5: 393 | S5: 301 | T5: 694
A6: 3275011001 | B6: BEKASIJAYA | C6: 3 | D6: 5 | E6: 8 | F6: 1 | G6: 0 | H6: 1 | I6: 17 | J6: 9 | K6: 26 | L6: 13 | M6: 14 | N6: 27 | O6: 5 | P6: 1 | Q6: 6 | R6: 15 | S6: 10 | T6: 25
A7: 3275011002 | B7: MARGAHAYU | C7: 10 | D7: 3 | E7: 13 | F7: 14 | G7: 6 | H7: 20 | I7: 6 | J7: 6 | K7: 12 | L7: 15 | M7: 14 | N7: 29 | O7: 3 | P7: 2 | Q7: 5 | R7: 112 | S7: 95 | T7: 207
A8: 3275011003 | B8: DURENJAYA | C8: 16 | D8: 10 | E8: 26 | F8: 3 | G8: 3 | H8: 6 | I8: 10 | J8: 9 | K8: 19 | L8: 18 | M8: 13 | N8: 31 | O8: 2 | P8: 0 | Q8: 2 | R8: 96 | S8: 57 | T8: 153
A9: 3275011004 | B9: ARENJAYA | C9: 5 | D9: 8 | E9: 13 | F9: 4 | G9: 1 | H9: 5 | I9: 9 | J9: 8 | K9: 17 | L9: 22 | M9: 11 | N9: 33 | O9: 4 | P9: 0 | Q9: 4 | R9: 170 | S9: 139 | T9: 309
A10: 327502 | B10: BEKASI BARAT | C10: 28 | D10: 8 | E10: 36 | F10: 21 | G10: 17 | H10: 38 | I10: 34 | J10: 24 | K10: 58 | L10: 76 | M10: 39 | N10: 115 | O10: 8 | P10: 6 | Q10: 14 | R10: 310 | S10: 181 | T10: 491
A11: 3275021001 | B11: BINTARA | C11: 3 | D11: 2 | E11: 5 | F11: 3 | G11: 4 | H11: 7 | I11: 7 | J11: 8 | K11: 15 | L11: 13 | M11: 6 | N11: 19 | O11: 0 | P11: 0 | Q11: 0 | R11: 5 | S11: 5 | T11: 10
A12: 3275021002 | B12: KRANJI | C12: 4 | D12: 2 | E12: 6 | F12: 8 | G12: 6 | H12: 14 | I12: 6 | J12: 2 | K12: 8 | L12: 22 | M12: 11 | N12: 33 | O12: 0 | P12: 0 | Q12: 0 | R12: 135 | S12: 73 | T12: 208
A13: 3275021003 | B13: KOTABARU | C13: 8 | D13: 3 | E13: 11 | F13: 3 | G13: 0 | H13: 3 | I13: 4 | J13: 5 | K13: 9 | L13: 15 | M13: 2 | N13: 17 | O13: 2 | P13: 1 | Q13: 3 | R13: 69 | S13: 39 | T13: 108
A14: 3275021004 | B14: BINTARAJAYA | C14: 3 | D14: 0 | E14: 3 | F14: 4 | G14: 2 | H14: 6 | I14: 7 | J14: 5 | K14: 12 | L14: 5 | M14: 9 | N14: 14 | O14: 1 | P14: 1 | Q14: 2 | R14: 14 | S14: 9 | T14: 23
A15: 3275021005 | B15: JAKASAMPURNA | C15: 10 | D15: 1 | E15: 11 | F15: 3 | G15: 5 | H15: 8 | I15: 10 | J15: 4 | K15: 14 | L15: 21 | M15: 11 | N15: 32 | O15: 5 | P15: 4 | Q15: 9 | R15: 87 | S15: 55 | T15: 142
... A72: 3275121004 | B72: JATIMURNI | C72: 2 | D72: 0 | E72: 2 | F72: 0 | G72: 0 | H72: 0 | I72: 2 | J72: 1 | K72: 3 | L72: 7 | M72: 1 | N72: 8 | O72: 0 | P72: 0 | Q72: 0 | R72: 52 | S72: 25 | T72: 77

Sheet JUMDUK_KELUMUR
A1: JUMLAH PENDUDUK BERDASARKAN KELOMPOK UMUR
A2: SESUAI DKB SEMESTER 1 TAHUN 2026
C4: 0–4 | D4: 0–4 | E4: =E7 -> 153838 | F4: 5–9 | G4: 5–9 | H4: =H7 -> 217278 | I4: 10–14 | J4: 10–14 | K4: =K7 -> 216748 | N4: =N7 -> 203821 | Q4: =Q7 -> 202936 | T4: =T7 -> 208815 | W4: =W7 -> 213640 | Z4: =Z7 -> 199691 | AC4: =AC7 -> 208140 | AF4: =AF7 -> 191629 | AI4: =AI7 -> 168026 | AL4: =AL7 -> 141245 | AO4: =AO7 -> 112784 | AR4: =AR7 -> 82214 | AU4: =AU7 -> 48071 | AX4: =AX7 -> 38372
A5: KODE | B5: WILAYAH | C5: 00-04 L | F5: 05-09 L | I5: 10-14 L | L5: 15-19 L | O5: 20-24 L | R5: 25-29 L | U5: 30-34 L | X5: 35-39 L | AA5: 40-44 L | AD5: 45-49 L | AG5: 50-54 L | AJ5: 55-59 L | AM5: 60-64 L | AP5: 65-69 L | AS5: 70-74 L | AV5: >75 L
C6: 00-04 L | D6: 00-04 P | E6: JUMLAH | F6: 05-09 L | G6: 05-09 P | H6: JUMLAH | I6: 10-14 L | J6: 10-14 P | K6: JUMLAH | L6: 15-19 L | M6: 15-19 P | N6: JUMLAH | O6: 20-24 L | P6: 20-24 P | Q6: JUMLAH | R6: 25-29 L | S6: 25-29 P | T6: JUMLAH | U6: 30-34 L | V6: 30-34 P | W6: JUMLAH | X6: 35-39 L | Y6: 35-39 P | Z6: JUMLAH | AA6: 40-44 L | AB6: 40-44 P | AC6: JUMLAH | AD6: 45-49 L | AE6: 45-49 P | AF6: JUMLAH | AG6: 50-54 L | AH6: 50-54 P | AI6: JUMLAH | AJ6: 55-59 L | AK6: 55-59 P | AL6: JUMLAH | AM6: 60-64 L | AN6: 60-64 P | AO6: JUMLAH | AP6: 65-69 L | AQ6: 65-69 P | AR6: JUMLAH | AS6: 70-74 L | AT6: 70-74 P | AU6: JUMLAH | AV6: >75 L | AW6: >75 P | AX6: JUMLAH
A7: 32.75 | B7: KOTA BEKASI | C7: 79430 | D7: 74408 | E7: 153838 | F7: 112085 | G7: 105193 | H7: 217278 | I7: 112081 | J7: 104667 | K7: 216748 | L7: 104857 | M7: 98964 | N7: 203821 | O7: 104315 | P7: 98621 | Q7: 202936 | R7: 104820 | S7: 103995 | T7: 208815 | U7: 105158 | V7: 108482 | W7: 213640 | X7: 99322 | Y7: 100369 | Z7: 199691 | AA7: 102754 | AB7: 105386 | AC7: 208140 | AD7: 93140 | AE7: 98489 | AF7: 191629 | AG7: 81081 | AH7: 86945 | AI7: 168026 | AJ7: 68138 | AK7: 73107 | AL7: 141245 | AM7: 52315 | AN7: 60469 | AO7: 112784 | AP7: 39356 | AQ7: 42858 | AR7: 82214 | AS7: 24456 | AT7: 23615 | AU7: 48071 | AV7: 17514 | AW7: 20858 | AX7: 38372 | AY7: =SUM(C7,F7,I7,L7,O7,R7,U7,X7,AA7,AD7,AG7,AJ7,AM7,AP7,AS7,AV7) -> 1300822 | AZ7: =SUM(D7,G7,J7,M7,P7,S7,V7,Y7,AB7,AE7,AH7,AK7,AN7,AQ7,AT7,AW7) -> 1306426 | BA7: =SUM(E7,H7,K7,N7,Q7,T7,W7,Z7,AC7,AF7,AI7,AL7,AO7,AR7,AU7,AX7) -> 2607248
A8: 32.75.01 | B8: BEKASI TIMUR | C8: 8587 | D8: 8039 | E8: 16626 | F8: 12398 | G8: 11634 | H8: 24032 | I8: 12178 | J8: 11366 | K8: 23544 | L8: 10567 | M8: 9922 | N8: 20489 | O8: 9960 | P8: 9587 | Q8: 19547 | R8: 10255 | S8: 10269 | T8: 20524 | U8: 11183 | V8: 11572 | W8: 22755 | X8: 11270 | Y8: 11360 | Z8: 22630 | AA8: 11747 | AB8: 11652 | AC8: 23399 | AD8: 9920 | AE8: 10007 | AF8: 19927 | AG8: 7621 | AH8: 7992 | AI8: 15613 | AJ8: 6082 | AK8: 7167 | AL8: 13249 | AM8: 5213 | AN8: 7355 | AO8: 12568 | AP8: 4748 | AQ8: 5943 | AR8: 10691 | AS8: 3478 | AT8: 3032 | AU8: 6510 | AV8: 2063 | AW8: 2144 | AX8: 4207
A9: 32.75.01.1001 | B9: BEKASIJAYA | C9: 1950 | D9: 1828 | E9: 3778 | F9: 2875 | G9: 2733 | H9: 5608 | I9: 2995 | J9: 2848 | K9: 5843 | L9: 2719 | M9: 2586 | N9: 5305 | O9: 2476 | P9: 2383 | Q9: 4859 | R9: 2454 | S9: 2346 | T9: 4800 | U9: 2546 | V9: 2644 | W9: 5190 | X9: 2677 | Y9: 2664 | Z9: 5341 | AA9: 2753 | AB9: 2818 | AC9: 5571 | AD9: 2455 | AE9: 2546 | AF9: 5001 | AG9: 1976 | AH9: 2007 | AI9: 3983 | AJ9: 1551 | AK9: 1728 | AL9: 3279 | AM9: 1243 | AN9: 1656 | AO9: 2899 | AP9: 1077 | AQ9: 1337 | AR9: 2414 | AS9: 740 | AT9: 734 | AU9: 1474 | AV9: 476 | AW9: 562 | AX9: 1038
A10: 32.75.01.1002 | B10: MARGAHAYU | C10: 2150 | D10: 1999 | E10: 4149 | F10: 3028 | G10: 2844 | H10: 5872 | I10: 2906 | J10: 2709 | K10: 5615 | L10: 2550 | M10: 2365 | N10: 4915 | O10: 2460 | P10: 2338 | Q10: 4798 | R10: 2583 | S10: 2541 | T10: 5124 | U10: 2804 | V10: 2924 | W10: 5728 | X10: 2724 | Y10: 2735 | Z10: 5459 | AA10: 2803 | AB10: 2724 | AC10: 5527 | AD10: 2447 | AE10: 2414 | AF10: 4861 | AG10: 1931 | AH10: 1992 | AI10: 3923 | AJ10: 1446 | AK10: 1687 | AL10: 3133 | AM10: 1253 | AN10: 1659 | AO10: 2912 | AP10: 1113 | AQ10: 1212 | AR10: 2325 | AS10: 726 | AT10: 648 | AU10: 1374 | AV10: 496 | AW10: 548 | AX10: 1044
A11: 32.75.01.1003 | B11: DURENJAYA | C11: 2467 | D11: 2315 | E11: 4782 | F11: 3501 | G11: 3299 | H11: 6800 | I11: 3326 | J11: 3137 | K11: 6463 | L11: 2890 | M11: 2737 | N11: 5627 | O11: 2695 | P11: 2642 | Q11: 5337 | R11: 2800 | S11: 2859 | T11: 5659 | U11: 3140 | V11: 3206 | W11: 6346 | X11: 3144 | Y11: 3191 | Z11: 6335 | AA11: 3310 | AB11: 3314 | AC11: 6624 | AD11: 2650 | AE11: 2685 | AF11: 5335 | AG11: 2005 | AH11: 2116 | AI11: 4121 | AJ11: 1659 | AK11: 2001 | AL11: 3660 | AM11: 1408 | AN11: 2096 | AO11: 3504 | AP11: 1395 | AQ11: 1698 | AR11: 3093 | AS11: 1000 | AT11: 800 | AU11: 1800 | AV11: 532 | AW11: 500 | AX11: 1032
A12: 32.75.01.1004 | B12: ARENJAYA | C12: 2020 | D12: 1897 | E12: 3917 | F12: 2994 | G12: 2758 | H12: 5752 | I12: 2951 | J12: 2672 | K12: 5623 | L12: 2408 | M12: 2234 | N12: 4642 | O12: 2329 | P12: 2224 | Q12: 4553 | R12: 2418 | S12: 2523 | T12: 4941 | U12: 2693 | V12: 2798 | W12: 5491 | X12: 2725 | Y12: 2770 | Z12: 5495 | AA12: 2881 | AB12: 2796 | AC12: 5677 | AD12: 2368 | AE12: 2362 | AF12: 4730 | AG12: 1709 | AH12: 1877 | AI12: 3586 | AJ12: 1426 | AK12: 1751 | AL12: 3177 | AM12: 1309 | AN12: 1944 | AO12: 3253 | AP12: 1163 | AQ12: 1696 | AR12: 2859 | AS12: 1012 | AT12: 850 | AU12: 1862 | AV12: 559 | AW12: 534 | AX12: 1093
A13: 32.75.02 | B13: BEKASI BARAT | C13: 8150 | D13: 7508 | E13: 15658 | F13: 11781 | G13: 10811 | H13: 22592 | I13: 11579 | J13: 10782 | K13: 22361 | L13: 10534 | M13: 9930 | N13: 20464 | O13: 10256 | P13: 9766 | Q13: 20022 | R13: 10530 | S13: 10441 | T13: 20971 | U13: 10713 | V13: 11081 | W13: 21794 | X13: 10905 | Y13: 10588 | Z13: 21493 | AA13: 10985 | AB13: 11099 | AC13: 22084 | AD13: 9849 | AE13: 10210 | AF13: 20059 | AG13: 8381 | AH13: 8807 | AI13: 17188 | AJ13: 6865 | AK13: 7604 | AL13: 14469 | AM13: 5456 | AN13: 6958 | AO13: 12414 | AP13: 4537 | AQ13: 5350 | AR13: 9887 | AS13: 3062 | AT13: 3032 | AU13: 6094 | AV13: 2246 | AW13: 2460 | AX13: 4706
A14: 32.75.02.1001 | B14: BINTARA | C14: 2033 | D14: 1838 | E14: 3871 | F14: 2842 | G14: 2601 | H14: 5443 | I14: 2749 | J14: 2539 | K14: 5288 | L14: 2514 | M14: 2379 | N14: 4893 | O14: 2519 | P14: 2299 | Q14: 4818 | R14: 2759 | S14: 2590 | T14: 5349 | U14: 2676 | V14: 2728 | W14: 5404 | X14: 2608 | Y14: 2556 | Z14: 5164 | AA14: 2570 | AB14: 2606 | AC14: 5176 | AD14: 2207 | AE14: 2360 | AF14: 4567 | AG14: 2008 | AH14: 2138 | AI14: 4146 | AJ14: 1733 | AK14: 1923 | AL14: 3656 | AM14: 1403 | AN14: 1764 | AO14: 3167 | AP14: 1091 | AQ14: 1245 | AR14: 2336 | AS14: 676 | AT14: 609 | AU14: 1285 | AV14: 442 | AW14: 511 | AX14: 953
A15: 32.75.02.1002 | B15: KRANJI | C15: 1527 | D15: 1413 | E15: 2940 | F15: 2133 | G15: 2043 | H15: 4176 | I15: 2244 | J15: 2109 | K15: 4353 | L15: 1991 | M15: 1940 | N15: 3931 | O15: 1888 | P15: 1847 | Q15: 3735 | R15: 1840 | S15: 1844 | T15: 3684 | U15: 1918 | V15: 1987 | W15: 3905 | X15: 1963 | Y15: 1849 | Z15: 3812 | AA15: 2098 | AB15: 2058 | AC15: 4156 | AD15: 1926 | AE15: 1990 | AF15: 3916 | AG15: 1645 | AH15: 1634 | AI15: 3279 | AJ15: 1277 | AK15: 1373 | AL15: 2650 | AM15: 895 | AN15: 1124 | AO15: 2019 | AP15: 705 | AQ15: 861 | AR15: 1566 | AS15: 482 | AT15: 511 | AU15: 993 | AV15: 378 | AW15: 426 | AX15: 804
A16: 32.75.02.1003 | B16: KOTABARU | C16: 1372 | D16: 1344 | E16: 2716 | F16: 2031 | G16: 1801 | H16: 3832 | I16: 1937 | J16: 1735 | K16: 3672 | L16: 1638 | M16: 1437 | N16: 3075 | O16: 1554 | P16: 1484 | Q16: 3038 | R16: 1680 | S16: 1755 | T16: 3435 | U16: 1894 | V16: 2004 | W16: 3898 | X16: 2031 | Y16: 1984 | Z16: 4015 | AA16: 1863 | AB16: 1769 | AC16: 3632 | AD16: 1463 | AE16: 1462 | AF16: 2925 | AG16: 1231 | AH16: 1349 | AI16: 2580 | AJ16: 1030 | AK16: 1289 | AL16: 2319 | AM16: 979 | AN16: 1470 | AO16: 2449 | AP16: 1059 | AQ16: 1123 | AR16: 2182 | AS16: 646 | AT16: 470 | AU16: 1116 | AV16: 327 | AW16: 311 | AX16: 638
A17: 32.75.02.1004 | B17: BINTARAJAYA | C17: 1056 | D17: 907 | E17: 1963 | F17: 1527 | G17: 1376 | H17: 2903 | I17: 1427 | J17: 1399 | K17: 2826 | L17: 1416 | M17: 1283 | N17: 2699 | O17: 1391 | P17: 1330 | Q17: 2721 | R17: 1349 | S17: 1419 | T17: 2768 | U17: 1358 | V17: 1438 | W17: 2796 | X17: 1403 | Y17: 1303 | Z17: 2706 | AA17: 1425 | AB17: 1469 | AC17: 2894 | AD17: 1281 | AE17: 1401 | AF17: 2682 | AG17: 1100 | AH17: 1242 | AI17: 2342 | AJ17: 980 | AK17: 959 | AL17: 1939 | AM17: 698 | AN17: 844 | AO17: 1542 | AP17: 525 | AQ17: 706 | AR17: 1231 | AS17: 429 | AT17: 502 | AU17: 931 | AV17: 354 | AW17: 369 | AX17: 723
A18: 32.75.02.1005 | B18: JAKASAMPURNA | C18: 2162 | D18: 2006 | E18: 4168 | F18: 3248 | G18: 2990 | H18: 6238 | I18: 3222 | J18: 3000 | K18: 6222 | L18: 2975 | M18: 2891 | N18: 5866 | O18: 2904 | P18: 2806 | Q18: 5710 | R18: 2902 | S18: 2833 | T18: 5735 | U18: 2867 | V18: 2924 | W18: 5791 | X18: 2900 | Y18: 2896 | Z18: 5796 | AA18: 3029 | AB18: 3197 | AC18: 6226 | AD18: 2972 | AE18: 2997 | AF18: 5969 | AG18: 2397 | AH18: 2444 | AI18: 4841 | AJ18: 1845 | AK18: 2060 | AL18: 3905 | AM18: 1481 | AN18: 1756 | AO18: 3237 | AP18: 1157 | AQ18: 1415 | AR18: 2572 | AS18: 829 | AT18: 940 | AU18: 1769 | AV18: 745 | AW18: 843 | AX18: 1588
A19: 32.75.03 | B19: BEKASI UTARA | C19: 10971 | D19: 10072 | E19: 21043 | F19: 14828 | G19: 13956 | H19: 28784 | I19: 14504 | J19: 13441 | K19: 27945 | L19: 13893 | M19: 12847 | N19: 26740 | O19: 14026 | P19: 13323 | Q19: 27349 | R19: 14608 | S19: 14345 | T19: 28953 | U19: 14966 | V19: 15189 | W19: 30155 | X19: 13698 | Y19: 13226 | Z19: 26924 | AA19: 13196 | AB19: 13338 | AC19: 26534 | AD19: 11244 | AE19: 12284 | AF19: 23528 | AG19: 10194 | AH19: 11587 | AI19: 21781 | AJ19: 9507 | AK19: 10777 | AL19: 20284 | AM19: 7896 | AN19: 9158 | AO19: 17054 | AP19: 5849 | AQ19: 5807 | AR19: 11656 | AS19: 3281 | AT19: 2599 | AU19: 5880 | AV19: 1852 | AW19: 2160 | AX19: 4012
... A75: 32.75.12.1004 | B75: JATIMURNI | C75: 867 | D75: 821 | E75: 1688 | F75: 1222 | G75: 1220 | H75: 2442 | I75: 1187 | J75: 1058 | K75: 2245 | L75: 1181 | M75: 1112 | N75: 2293 | O75: 1131 | P75: 1076 | Q75: 2207 | R75: 1141 | S75: 1180 | T75: 2321 | U75: 1184 | V75: 1174 | W75: 2358 | X75: 1025 | Y75: 1071 | Z75: 2096 | AA75: 1120 | AB75: 1135 | AC75: 2255 | AD75: 1036 | AE75: 1054 | AF75: 2090 | AG75: 938 | AH75: 954 | AI75: 1892 | AJ75: 774 | AK75: 804 | AL75: 1578 | AM75: 652 | AN75: 682 | AO75: 1334 | AP75: 421 | AQ75: 432 | AR75: 853 | AS75: 269 | AT75: 283 | AU75: 552 | AV75: 208 | AW75: 273 | AX75: 481

Sheet UMUR TUNGGAL
A1: JUMLAH PENDUDUK BERDASARKAN UMUR TUNGGAL
A2: SESUAI DKB SEMESTER 1 TAHUN 2026
NE3: ALL | NH3: 0 - 5 TAHUN
B4: UMUR | C4: 0 | F4: 1 | I4: 2 | L4: 3 | O4: 4 | R4: 5 | U4: 6 | X4: 7 | AA4: 8 | AD4: 9 | AG4: 10 | AJ4: 11 | AM4: 12 | AP4: 13 | AS4: 14 | AV4: 15 | AY4: 16 | BB4: 17 | BE4: 18 | BH4: 19 | BK4: 20 | BN4: 21 | BQ4: 22 | BT4: 23 | BW4: 24 | BZ4: 25 | CC4: 26 | CF4: 27 | CI4: 28 | CL4: 29 | CO4: 30 | CR4: 31 | CU4: 32 | CX4: 33 | DA4: 34 | DD4: 35 | DG4: 36 | DJ4: 37 | DM4: 38 | DP4: 39 | DS4: 40 | DV4: 41 | DY4: 42 | EB4: 43 | EE4: 44 | EH4: 45 | EK4: 46 | EN4: 47 | EQ4: 48 | ET4: 49 | EW4: 50 | EZ4: 51 | FC4: 52 | FF4: 53 | FI4: 54 | FL4: 55 | FO4: 56 | FR4: 57 | FU4: 58 | FX4: 59 | GA4: 60 | GD4: 61 | GG4: 62 | GJ4: 63 | GM4: 64 | GP4: 65 | GS4: 66 | GV4: 67 | GY4: 68 | HB4: 69 | HE4: 70 | HH4: 71 | HK4: 72 | HN4: 73 | HQ4: 74 | HT4: 75 | HW4: 76 | HZ4: 77 | IC4: 78 | IF4: 79 | II4: 80 | IL4: 81 | IO4: 82 | IR4: 83 | IU4: 84 | IX4: 85 | JA4: 86 | JD4: 87 | JG4: 88 | JJ4: 89 | JM4: 90 | JP4: 91 | JS4: 92 | JV4: 93 | JY4: 94 | KB4: 95 | KE4: 96 | KH4: 97 | KK4: 98 | KN4: 99 | KQ4: 100 | KT4: 101 | KW4: 102 | KZ4: 103 | LC4: 104 | LF4: 105 | LI4: 106 | LL4: 107 | LO4: 108 | LR4: 109 | LU4: 110 | LX4: 111 | MA4: 112 | MD4: 113 | MG4: 114 | MJ4: 115 | MM4: 116 | MP4: 117 | MS4: 118 | MV4: 119 | MY4: 120 | NB4: 121
B5: TOTAL | C5: =E9 -> 20900 | F5: =H9 -> 26838 | I5: =K9 -> 31942 | L5: =N9 -> 35603 | O5: =Q9 -> 38555 | R5: =T9 -> 40781 | U5: =W9 -> 44581 | X5: =Z9 -> 45856 | AA5: =AC9 -> 43971 | AD5: =AF9 -> 42089 | AG5: =AI9 -> 43434 | AJ5: =AL9 -> 42831 | AM5: =AO9 -> 42605 | AP5: =AR9 -> 43073 | AS5: =AU9 -> 44805 | AV5: =AX9 -> 42239 | AY5: =BA9 -> 41856 | BB5: =BD9 -> 38145 | BE5: =BG9 -> 39817 | BH5: =BJ9 -> 41764 | BK5: =BM9 -> 39141 | BN5: =BP9 -> 39288 | BQ5: =BS9 -> 40920 | BT5: =BV9 -> 42657 | BW5: =BY9 -> 40930 | BZ5: =CB9 -> 43125 | CC5: =CE9 -> 43815 | CF5: =CH9 -> 38246 | CI5: =CK9 -> 42274 | CL5: =CN9 -> 41355 | CO5: =CQ9 -> 42957 | CR5: =CT9 -> 43770 | CU5: =CW9 -> 42290 | CX5: =CZ9 -> 42184 | DA5: =DC9 -> 42439 | DD5: =DF9 -> 41199 | DG5: =DI9 -> 41995 | DJ5: =DL9 -> 39137 | DM5: =DO9 -> 38310 | DP5: =DR9 -> 39050 | DS5: =DU9 -> 40574 | DV5: =DX9 -> 41349 | DY5: =EA9 -> 40417 | EB5: =ED9 -> 43423 | EE5: =EG9 -> 42377 | EH5: =EJ9 -> 39985 | EK5: =EM9 -> 40599 | EN5: =EP9 -> 38341 | EQ5: =ES9 -> 36638 | ET5: =EV9 -> 36066 | EW5: =EY9 -> 36197 | EZ5: =FB9 -> 34704 | FC5: =FE9 -> 31831 | FF5: =FH9 -> 33558 | FI5: =FK9 -> 31736 | FL5: =FN9 -> 30110 | FO5: =FQ9 -> 31437 | FR5: =FT9 -> 28745 | FU5: =FW9 -> 27095 | FX5: =FZ9 -> 23858 | GA5: =GC9 -> 25503 | GD5: =GF9 -> 24142 | GG5: =GI9 -> 22200 | GJ5: =GL9 -> 21514 | GM5: =GO9 -> 19425 | GP5: =GR9 -> 18741 | GS5: =GU9 -> 19036 | GV5: =GX9 -> 16598 | GY5: =HA9 -> 15310 | HB5: =HD9 -> 12529 | HE5: =HG9 -> 11926 | HH5: =HJ9 -> 11229 | HK5: =HM9 -> 9595 | HN5: =HP9 -> 8468 | HQ5: =HS9 -> 6853 | HT5: =HV9 -> 6141 | HW5: =HY9 -> 5474 | HZ5: =IB9 -> 4119 | IC5: =IE9 -> 3399 | IF5: =IH9 -> 2734 | II5: =IK9 -> 2736 | IL5: =IN9 -> 2393 | IO5: =IQ9 -> 1869 | IR5: =IT9 -> 1906 | IU5: =IW9 -> 1493 | IX5: =IZ9 -> 1198 | JA5: =JC9 -> 1234 | JD5: =JF9 -> 754 | JG5: =JI9 -> 667 | JJ5: =JL9 -> 493 | JM5: =JO9 -> 425 | JP5: =JR9 -> 399 | JS5: =JU9 -> 269 | JV5: =JX9 -> 284 | JY5: =KA9 -> 126 | KB5: =KD9 -> 72 | KE5: =KG9 -> 77 | KH5: =KJ9 -> 31 | KK5: =KM9 -> 27 | KN5: =KP9 -> 23 | KQ5: =KS9 -> 16 | KT5: =KV9 -> 13 | KW5: =KY9 -> 0 | KZ5: =LB9 -> 0 | LC5: =LE9 -> 0 | LF5: =LH9 -> 0 | LI5: =LK9 -> 0 | LL5: =LN9 -> 0 | LO5: =LQ9 -> 0 | LR5: =LT9 -> 0 | LU5: =LW9 -> 0 | LX5: =LZ9 -> 0 | MA5: =MC9 -> 0 | MD5: =MF9 -> 0 | MG5: =MI9 -> 0 | MJ5: =ML9 -> 0 | MM5: =MO9 -> 0 | MP5: =MR9 -> 0 | MS5: =MU9 -> 0 | MV5: =MX9 -> 0 | MY5: =NA9 -> 0 | NB5: =ND9 -> 0 | NE5: =SUM(C5:NA5) -> 2607248 | NH5: =SUM(NH6:NJ7) -> 194619
B6: LAKI | C6: =C9 -> 10803 | F6: =F9 -> 13753 | I6: =I9 -> 16594 | L6: =L9 -> 18396 | O6: =O9 -> 19884 | R6: =R9 -> 21132 | U6: =U9 -> 22894 | X6: =X9 -> 23646 | AA6: =AA9 -> 22674 | AD6: =AD9 -> 21739 | AG6: =AG9 -> 22623 | AJ6: =AJ9 -> 22160 | AM6: =AM9 -> 22047 | AP6: =AP9 -> 22221 | AS6: =AS9 -> 23030 | AV6: =AV9 -> 21770 | AY6: =AY9 -> 21668 | BB6: =BB9 -> 19587 | BE6: =BE9 -> 20445 | BH6: =BH9 -> 21387 | BK6: =BK9 -> 20194 | BN6: =BN9 -> 20137 | BQ6: =BQ9 -> 21034 | BT6: =BT9 -> 22048 | BW6: =BW9 -> 20902 | BZ6: =BZ9 -> 21782 | CC6: =CC9 -> 21986 | CF6: =CF9 -> 19249 | CI6: =CI9 -> 21266 | CL6: =CL9 -> 20537 | CO6: =CO9 -> 21200 | CR6: =CR9 -> 21333 | CU6: =CU9 -> 20839 | CX6: =CX9 -> 20793 | DA6: =DA9 -> 20993 | DD6: =DD9 -> 20435 | DG6: =DG9 -> 20668 | DJ6: =DJ9 -> 19490 | DM6: =DM9 -> 19169 | DP6: =DP9 -> 19560 | DS6: =DS9 -> 20252 | DV6: =DV9 -> 20618 | DY6: =DY9 -> 19892 | EB6: =EB9 -> 21144 | EE6: =EE9 -> 20848 | EH6: =EH9 -> 19508 | EK6: =EK9 -> 19701 | EN6: =EN9 -> 18723 | EQ6: =EQ9 -> 17808 | ET6: =ET9 -> 17400 | EW6: =EW9 -> 17473 | EZ6: =EZ9 -> 16650 | FC6: =FC9 -> 15412 | FF6: =FF9 -> 16074 | FI6: =FI9 -> 15472 | FL6: =FL9 -> 14756 | FO6: =FO9 -> 15365 | FR6: =FR9 -> 13878 | FU6: =FU9 -> 12948 | FX6: =FX9 -> 11191 | GA6: =GA9 -> 11892 | GD6: =GD9 -> 11035 | GG6: =GG9 -> 10314 | GJ6: =GJ9 -> 9974 | GM6: =GM9 -> 9100 | GP6: =GP9 -> 8722 | GS6: =GS9 -> 9113 | GV6: =GV9 -> 7897 | GY6: =GY9 -> 7434 | HB6: =HB9 -> 6190 | HE6: =HE9 -> 5840 | HH6: =HH9 -> 5657 | HK6: =HK9 -> 4976 | HN6: =HN9 -> 4414 | HQ6: =HQ9 -> 3569 | HT6: =HT9 -> 3057 | HW6: =HW9 -> 2636 | HZ6: =HZ9 -> 2009 | IC6: =IC9 -> 1549 | IF6: =IF9 -> 1227 | II6: =II9 -> 1176 | IL6: =IL9 -> 1084 | IO6: =IO9 -> 869 | IR6: =IR9 -> 854 | IU6: =IU9 -> 694 | IX6: =IX9 -> 495 | JA6: =JA9 -> 496 | JD6: =JD9 -> 284 | JG6: =JG9 -> 243 | JJ6: =JJ9 -> 203 | JM6: =JM9 -> 146 | JP6: =JP9 -> 137 | JS6: =JS9 -> 95 | JV6: =JV9 -> 116 | JY6: =JY9 -> 59 | KB6: =KB9 -> 25 | KE6: =KE9 -> 23 | KH6: =KH9 -> 11 | KK6: =KK9 -> 9 | KN6: =KN9 -> 5 | KQ6: =KQ9 -> 9 | KT6: =KT9 -> 3 | KW6: =KW9 -> 0 | KZ6: =KZ9 -> 0 | LC6: =LC9 -> 0 | LF6: =LF9 -> 0 | LI6: =LI9 -> 0 | LL6: =LL9 -> 0 | LO6: =LO9 -> 0 | LR6: =LR9 -> 0 | LU6: =LU9 -> 0 | LX6: =LX9 -> 0 | MA6: =MA9 -> 0 | MD6: =MD9 -> 0 | MG6: =MG9 -> 0 | MJ6: =MJ9 -> 0 | MM6: =MM9 -> 0 | MP6: =MP9 -> 0 | MS6: =MS9 -> 0 | MV6: =MV9 -> 0 | MY6: =MY9 -> 0 | NB6: =NB9 -> 0 | NE6: =SUM(C6:NA6) -> 1300822 | NH6: =SUM(C6,F6,I6,L6,O6,R6) -> 100562
B7: PEREMPUAN | C7: =D9 -> 10097 | F7: =G9 -> 13085 | I7: =J9 -> 15348 | L7: =M9 -> 17207 | O7: =P9 -> 18671 | R7: =S9 -> 19649 | U7: =V9 -> 21687 | X7: =Y9 -> 22210 | AA7: =AB9 -> 21297 | AD7: =AE9 -> 20350 | AG7: =AH9 -> 20811 | AJ7: =AK9 -> 20671 | AM7: =AN9 -> 20558 | AP7: =AQ9 -> 20852 | AS7: =AT9 -> 21775 | AV7: =AW9 -> 20469 | AY7: =AZ9 -> 20188 | BB7: =BC9 -> 18558 | BE7: =BF9 -> 19372 | BH7: =BI9 -> 20377 | BK7: =BL9 -> 18947 | BN7: =BO9 -> 19151 | BQ7: =BR9 -> 19886 | BT7: =BU9 -> 20609 | BW7: =BX9 -> 20028 | BZ7: =CA9 -> 21343 | CC7: =CD9 -> 21829 | CF7: =CG9 -> 18997 | CI7: =CJ9 -> 21008 | CL7: =CM9 -> 20818 | CO7: =CP9 -> 21757 | CR7: =CS9 -> 22437 | CU7: =CV9 -> 21451 | CX7: =CY9 -> 21391 | DA7: =DB9 -> 21446 | DD7: =DE9 -> 20764 | DG7: =DH9 -> 21327 | DJ7: =DK9 -> 19647 | DM7: =DN9 -> 19141 | DP7: =DQ9 -> 19490 | DS7: =DT9 -> 20322 | DV7: =DW9 -> 20731 | DY7: =DZ9 -> 20525 | EB7: =EC9 -> 22279 | EE7: =EF9 -> 21529 | EH7: =EI9 -> 20477 | EK7: =EL9 -> 20898 | EN7: =EO9 -> 19618 | EQ7: =ER9 -> 18830 | ET7: =EU9 -> 18666 | EW7: =EX9 -> 18724 | EZ7: =FA9 -> 18054 | FC7: =FD9 -> 16419 | FF7: =FG9 -> 17484 | FI7: =FJ9 -> 16264 | FL7: =FM9 -> 15354 | FO7: =FP9 -> 16072 | FR7: =FS9 -> 14867 | FU7: =FV9 -> 14147 | FX7: =FY9 -> 12667 | GA7: =GB9 -> 13611 | GD7: =GE9 -> 13107 | GG7: =GH9 -> 11886 | GJ7: =GK9 -> 11540 | GM7: =GN9 -> 10325 | GP7: =GQ9 -> 10019 | GS7: =GT9 -> 9923 | GV7: =GW9 -> 8701 | GY7: =GZ9 -> 7876 | HB7: =HC9 -> 6339 | HE7: =HF9 -> 6086 | HH7: =HI9 -> 5572 | HK7: =HL9 -> 4619 | HN7: =HO9 -> 4054 | HQ7: =HR9 -> 3284 | HT7: =HU9 -> 3084 | HW7: =HX9 -> 2838 | HZ7: =IA9 -> 2110 | IC7: =ID9 -> 1850 | IF7: =IG9 -> 1507 | II7: =IJ9 -> 1560 | IL7: =IM9 -> 1309 | IO7: =IP9 -> 1000 | IR7: =IS9 -> 1052 | IU7: =IV9 -> 799 | IX7: =IY9 -> 703 | JA7: =JB9 -> 738 | JD7: =JE9 -> 470 | JG7: =JH9 -> 424 | JJ7: =JK9 -> 290 | JM7: =JN9 -> 279 | JP7: =JQ9 -> 262 | JS7: =JT9 -> 174 | JV7: =JW9 -> 168 | JY7: =JZ9 -> 67 | KB7: =KC9 -> 47 | KE7: =KF9 -> 54 | KH7: =KI9 -> 20 | KK7: =KL9 -> 18 | KN7: =KO9 -> 18 | KQ7: =KR9 -> 7 | KT7: =KU9 -> 10 | KW7: =KX9 -> 0 | KZ7: =LA9 -> 0 | LC7: =LD9 -> 0 | LF7: =LG9 -> 0 | LI7: =LJ9 -> 0 | LL7: =LM9 -> 0 | LO7: =LP9 -> 0 | LR7: =LS9 -> 0 | LU7: =LV9 -> 0 | LX7: =LY9 -> 0 | MA7: =MB9 -> 0 | MD7: =ME9 -> 0 | MG7: =MH9 -> 0 | MJ7: =MK9 -> 0 | MM7: =MN9 -> 0 | MP7: =MQ9 -> 0 | MS7: =MT9 -> 0 | MV7: =MW9 -> 0 | MY7: =MZ9 -> 0 | NB7: =NC9 -> 0 | NE7: =SUM(C7:NA7) -> 1306426 | NH7: =SUM(C7:T7) -> 94057
A8: KODE | B8: WILAYAH | C8: 0 L | D8: 0 P | E8: JUMLAH | F8: 1 L | G8: 1 P | H8: JUMLAH | I8: 2 L | J8: 2 P | K8: JUMLAH | L8: 3 L | M8: 3 P | N8: JUMLAH | O8: 4 L | P8: 4 P | Q8: JUMLAH | R8: 5 L | S8: 5 P | T8: JUMLAH | U8: 6 L | V8: 6 P | W8: JUMLAH | X8: 7 L | Y8: 7 P | Z8: JUMLAH | AA8: 8 L | AB8: 8 P | AC8: JUMLAH | AD8: 9 L | AE8: 9 P | AF8: JUMLAH | AG8: 10 L | AH8: 10 P | AI8: JUMLAH | AJ8: 11 L | AK8: 11 P | AL8: JUMLAH | AM8: 12 L | AN8: 12 P | AO8: JUMLAH | AP8: 13 L | AQ8: 13 P | AR8: JUMLAH | AS8: 14 L | AT8: 14 P | AU8: JUMLAH | AV8: 15 L | AW8: 15 P | AX8: JUMLAH | AY8: 16 L | AZ8: 16 P | BA8: JUMLAH | BB8: 17 L | BC8: 17 P | BD8: JUMLAH | BE8: 18 L | BF8: 18 P | BG8: JUMLAH | BH8: 19 L | BI8: 19 P | BJ8: JUMLAH | BK8: 20 L | BL8: 20 P | BM8: JUMLAH | BN8: 21 L | BO8: 21 P | BP8: JUMLAH | BQ8: 22 L | BR8: 22 P | BS8: JUMLAH | BT8: 23 L | BU8: 23 P | BV8: JUMLAH | BW8: 24 L | BX8: 24 P | BY8: JUMLAH | BZ8: 25 L | CA8: 25 P | CB8: JUMLAH | CC8: 26 L | CD8: 26 P | CE8: JUMLAH | CF8: 27 L | CG8: 27 P | CH8: JUMLAH | CI8: 28 L | CJ8: 28 P | CK8: JUMLAH | CL8: 29 L | CM8: 29 P | CN8: JUMLAH | CO8: 30 L | CP8: 30 P | CQ8: JUMLAH | CR8: 31 L | CS8: 31 P | CT8: JUMLAH | CU8: 32 L | CV8: 32 P | CW8: JUMLAH | CX8: 33 L | CY8: 33 P | CZ8: JUMLAH | DA8: 34 L | DB8: 34 P | DC8: JUMLAH | DD8: 35 L | DE8: 35 P | DF8: JUMLAH | DG8: 36 L | DH8: 36 P | DI8: JUMLAH | DJ8: 37 L | DK8: 37 P | DL8: JUMLAH | DM8: 38 L | DN8: 38 P | DO8: JUMLAH | DP8: 39 L | DQ8: 39 P | DR8: JUMLAH | DS8: 40 L | DT8: 40 P | DU8: JUMLAH | DV8: 41 L | DW8: 41 P | DX8: JUMLAH | DY8: 42 L | DZ8: 42 P | EA8: JUMLAH | EB8: 43 L | EC8: 43 P | ED8: JUMLAH | EE8: 44 L | EF8: 44 P | EG8: JUMLAH | EH8: 45 L | EI8: 45 P | EJ8: JUMLAH | EK8: 46 L | EL8: 46 P | EM8: JUMLAH | EN8: 47 L | EO8: 47 P | EP8: JUMLAH | EQ8: 48 L | ER8: 48 P | ES8: JUMLAH | ET8: 49 L | EU8: 49 P | EV8: JUMLAH | EW8: 50 L | EX8: 50 P | EY8: JUMLAH | EZ8: 51 L | FA8: 51 P | FB8: JUMLAH | FC8: 52 L | FD8: 52 P | FE8: JUMLAH | FF8: 53 L | FG8: 53 P | FH8: JUMLAH | FI8: 54 L | FJ8: 54 P | FK8: JUMLAH | FL8: 55 L | FM8: 55 P | FN8: JUMLAH | FO8: 56 L | FP8: 56 P | FQ8: JUMLAH | FR8: 57 L | FS8: 57 P | FT8: JUMLAH | FU8: 58 L | FV8: 58 P | FW8: JUMLAH | FX8: 59 L | FY8: 59 P | FZ8: JUMLAH | GA8: 60 L | GB8: 60 P | GC8: JUMLAH | GD8: 61 L | GE8: 61 P | GF8: JUMLAH | GG8: 62 L | GH8: 62 P | GI8: JUMLAH | GJ8: 63 L | GK8: 63 P | GL8: JUMLAH | GM8: 64 L | GN8: 64 P | GO8: JUMLAH | GP8: 65 L | GQ8: 65 P | GR8: JUMLAH | GS8: 66 L | GT8: 66 P | GU8: JUMLAH | GV8: 67 L | GW8: 67 P | GX8: JUMLAH | GY8: 68 L | GZ8: 68 P | HA8: JUMLAH | HB8: 69 L | HC8: 69 P | HD8: JUMLAH | HE8: 70 L | HF8: 70 P | HG8: JUMLAH | HH8: 71 L | HI8: 71 P | HJ8: JUMLAH | HK8: 72 L | HL8: 72 P | HM8: JUMLAH | HN8: 73 L | HO8: 73 P | HP8: JUMLAH | HQ8: 74 L | HR8: 74 P | HS8: JUMLAH | HT8: 75 L | HU8: 75 P | HV8: JUMLAH | HW8: 76 L | HX8: 76 P | HY8: JUMLAH | HZ8: 77 L | IA8: 77 P | IB8: JUMLAH | IC8: 78 L | ID8: 78 P | IE8: JUMLAH | IF8: 79 L | IG8: 79 P | IH8: JUMLAH | II8: 80 L | IJ8: 80 P | IK8: JUMLAH | IL8: 81 L | IM8: 81 P | IN8: JUMLAH | IO8: 82 L | IP8: 82 P | IQ8: JUMLAH | IR8: 83 L | IS8: 83 P | IT8: JUMLAH | IU8: 84 L | IV8: 84 P | IW8: JUMLAH | IX8: 85 L | IY8: 85 P | IZ8: JUMLAH | JA8: 86 L | JB8: 86 P | JC8: JUMLAH | JD8: 87 L | JE8: 87 P | JF8: JUMLAH | JG8: 88 L | JH8: 88 P | JI8: JUMLAH | JJ8: 89 L | JK8: 89 P | JL8: JUMLAH | JM8: 90 L | JN8: 90 P | JO8: JUMLAH | JP8: 91 L | JQ8: 91 P | JR8: JUMLAH | JS8: 92 L | JT8: 92 P | JU8: JUMLAH | JV8: 93 L | JW8: 93 P | JX8: JUMLAH | JY8: 94 L | JZ8: 94 P | KA8: JUMLAH | KB8: 95 L | KC8: 95 P | KD8: JUMLAH | KE8: 96 L | KF8: 96 P | KG8: JUMLAH | KH8: 97 L | KI8: 97 P | KJ8: JUMLAH | KK8: 98 L | KL8: 98 P | KM8: JUMLAH | KN8: 99 L | KO8: 99 P | KP8: JUMLAH | KQ8: 100 L | KR8: 100 P | KS8: JUMLAH | KT8: 101 L | KU8: 101 P | KV8: JUMLAH | KW8: 102 L | KX8: 102 P | KY8: JUMLAH | KZ8: 103 L | LA8: 103 P | LB8: JUMLAH | LC8: 104 L | LD8: 104 P | LE8: JUMLAH | LF8: 105 L | LG8: 105 P | LH8: JUMLAH | LI8: 106 L | LJ8: 106 P | LK8: JUMLAH | LL8: 107 L | LM8: 107 P | LN8: JUMLAH | LO8: 108 L | LP8: 108 P | LQ8: JUMLAH | LR8: 109 L | LS8: 109 P | LT8: JUMLAH | LU8: 110 L | LV8: 110 P | LW8: JUMLAH | LX8: 111 L | LY8: 111 P | LZ8: JUMLAH | MA8: 112 L | MB8: 112 P | MC8: JUMLAH | MD8: 113 L | ME8: 113 P | MF8: JUMLAH | MG8: 114 L | MH8: 114 P | MI8: JUMLAH | MJ8: 115 L | MK8: 115 P | ML8: JUMLAH | MM8: 116 L | MN8: 116 P | MO8: JUMLAH | MP8: 117 L | MQ8: 117 P | MR8: JUMLAH | MS8: 118 L | MT8: 118 P | MU8: JUMLAH | MV8: 119 L | MW8: 119 P | MX8: JUMLAH | MY8: 120 L | MZ8: 120 P | NA8: JUMLAH | NB8: 121 L | NC8: 121 P | ND8: JUMLAH | NE8: L | NF8: P | NG8: JUMLAH | NH8: L | NI8: P | NJ8: JUMLAH
A9: 3275 | B9: KOTA BEKASI | C9: 10803 | D9: 10097 | E9: =C9+D9 -> 20900 | F9: 13753 | G9: 13085 | H9: =F9+G9 -> 26838 | I9: 16594 | J9: 15348 | K9: =I9+J9 -> 31942 | L9: 18396 | M9: 17207 | N9: =L9+M9 -> 35603 | O9: 19884 | P9: 18671 | Q9: =O9+P9 -> 38555 | R9: 21132 | S9: 19649 | T9: =R9+S9 -> 40781 | U9: 22894 | V9: 21687 | W9: =U9+V9 -> 44581 | X9: 23646 | Y9: 22210 | Z9: =X9+Y9 -> 45856 | AA9: 22674 | AB9: 21297 | AC9: =AA9+AB9 -> 43971 | AD9: 21739 | AE9: 20350 | AF9: =AD9+AE9 -> 42089 | AG9: 22623 | AH9: 20811 | AI9: =AG9+AH9 -> 43434 | AJ9: 22160 | AK9: 20671 | AL9: =AJ9+AK9 -> 42831 | AM9: 22047 | AN9: 20558 | AO9: =AM9+AN9 -> 42605 | AP9: 22221 | AQ9: 20852 | AR9: =AP9+AQ9 -> 43073 | AS9: 23030 | AT9: 21775 | AU9: =AS9+AT9 -> 44805 | AV9: 21770 | AW9: 20469 | AX9: =AV9+AW9 -> 42239 | AY9: 21668 | AZ9: 20188 | BA9: =AY9+AZ9 -> 41856 | BB9: 19587 | BC9: 18558 | BD9: =BB9+BC9 -> 38145 | BE9: 20445 | BF9: 19372 | BG9: =BE9+BF9 -> 39817 | BH9: 21387 | BI9: 20377 | BJ9: =BH9+BI9 -> 41764 | BK9: 20194 | BL9: 18947 | BM9: =BK9+BL9 -> 39141 | BN9: 20137 | BO9: 19151 | BP9: =BN9+BO9 -> 39288 | BQ9: 21034 | BR9: 19886 | BS9: =BQ9+BR9 -> 40920 | BT9: 22048 | BU9: 20609 | BV9: =BT9+BU9 -> 42657 | BW9: 20902 | BX9: 20028 | BY9: =BW9+BX9 -> 40930 | BZ9: 21782 | CA9: 21343 | CB9: =BZ9+CA9 -> 43125 | CC9: 21986 | CD9: 21829 | CE9: =CC9+CD9 -> 43815 | CF9: 19249 | CG9: 18997 | CH9: =CF9+CG9 -> 38246 | CI9: 21266 | CJ9: 21008 | CK9: =CI9+CJ9 -> 42274 | CL9: 20537 | CM9: 20818 | CN9: =CL9+CM9 -> 41355 | CO9: 21200 | CP9: 21757 | CQ9: =CO9+CP9 -> 42957 | CR9: 21333 | CS9: 22437 | CT9: =CR9+CS9 -> 43770 | CU9: 20839 | CV9: 21451 | CW9: =CU9+CV9 -> 42290 | CX9: 20793 | CY9: 21391 | CZ9: =CX9+CY9 -> 42184 | DA9: 20993 | DB9: 21446 | DC9: =DA9+DB9 -> 42439 | DD9: 20435 | DE9: 20764 | DF9: =DD9+DE9 -> 41199 | DG9: 20668 | DH9: 21327 | DI9: =DG9+DH9 -> 41995 | DJ9: 19490 | DK9: 19647 | DL9: =DJ9+DK9 -> 39137 | DM9: 19169 | DN9: 19141 | DO9: =DM9+DN9 -> 38310 | DP9: 19560 | DQ9: 19490 | DR9: =DP9+DQ9 -> 39050 | DS9: 20252 | DT9: 20322 | DU9: =DS9+DT9 -> 40574 | DV9: 20618 | DW9: 20731 | DX9: =DV9+DW9 -> 41349 | DY9: 19892 | DZ9: 20525 | EA9: =DY9+DZ9 -> 40417 | EB9: 21144 | EC9: 22279 | ED9: =EB9+EC9 -> 43423 | EE9: 20848 | EF9: 21529 | EG9: =EE9+EF9 -> 42377 | EH9: 19508 | EI9: 20477 | EJ9: =EH9+EI9 -> 39985 | EK9: 19701 | EL9: 20898 | EM9: =EK9+EL9 -> 40599 | EN9: 18723 | EO9: 19618 | EP9: =EN9+EO9 -> 38341 | EQ9: 17808 | ER9: 18830 | ES9: =EQ9+ER9 -> 36638 | ET9: 17400 | EU9: 18666 | EV9: =ET9+EU9 -> 36066 | EW9: 17473 | EX9: 18724 | EY9: =EW9+EX9 -> 36197 | EZ9: 16650 | FA9: 18054 | FB9: =EZ9+FA9 -> 34704 | FC9: 15412 | FD9: 16419 | FE9: =FC9+FD9 -> 31831 | FF9: 16074 | FG9: 17484 | FH9: =FF9+FG9 -> 33558 | FI9: 15472 | FJ9: 16264 | FK9: =FI9+FJ9 -> 31736 | FL9: 14756 | FM9: 15354 | FN9: =FL9+FM9 -> 30110 | FO9: 15365 | FP9: 16072 | FQ9: =FO9+FP9 -> 31437 | FR9: 13878 | FS9: 14867 | FT9: =FR9+FS9 -> 28745 | FU9: 12948 | FV9: 14147 | FW9: =FU9+FV9 -> 27095 | FX9: 11191 | FY9: 12667 | FZ9: =FX9+FY9 -> 23858 | GA9: 11892 | GB9: 13611 | GC9: =GA9+GB9 -> 25503 | GD9: 11035 | GE9: 13107 | GF9: =GD9+GE9 -> 24142 | GG9: 10314 | GH9: 11886 | GI9: =GG9+GH9 -> 22200 | GJ9: 9974 | GK9: 11540 | GL9: =GJ9+GK9 -> 21514 | GM9: 9100 | GN9: 10325 | GO9: =GM9+GN9 -> 19425 | GP9: 8722 | GQ9: 10019 | GR9: =GP9+GQ9 -> 18741 | GS9: 9113 | GT9: 9923 | GU9: =GS9+GT9 -> 19036 | GV9: 7897 | GW9: 8701 | GX9: =GV9+GW9 -> 16598 | GY9: 7434 | GZ9: 7876 | HA9: =GY9+GZ9 -> 15310 | HB9: 6190 | HC9: 6339 | HD9: =HB9+HC9 -> 12529 | HE9: 5840 | HF9: 6086 | HG9: =HE9+HF9 -> 11926 | HH9: 5657 | HI9: 5572 | HJ9: =HH9+HI9 -> 11229 | HK9: 4976 | HL9: 4619 | HM9: =HK9+HL9 -> 9595 | HN9: 4414 | HO9: 4054 | HP9: =HN9+HO9 -> 8468 | HQ9: 3569 | HR9: 3284 | HS9: =HQ9+HR9 -> 6853 | HT9: 3057 | HU9: 3084 | HV9: =HT9+HU9 -> 6141 | HW9: 2636 | HX9: 2838 | HY9: =HW9+HX9 -> 5474 | HZ9: 2009 | IA9: 2110 | IB9: =HZ9+IA9 -> 4119 | IC9: 1549 | ID9: 1850 | IE9: =IC9+ID9 -> 3399 | IF9: 1227 | IG9: 1507 | IH9: =IF9+IG9 -> 2734 | II9: 1176 | IJ9: 1560 | IK9: =II9+IJ9 -> 2736 | IL9: 1084 | IM9: 1309 | IN9: =IL9+IM9 -> 2393 | IO9: 869 | IP9: 1000 | IQ9: =IO9+IP9 -> 1869 | IR9: 854 | IS9: 1052 | IT9: =IR9+IS9 -> 1906 | IU9: 694 | IV9: 799 | IW9: =IU9+IV9 -> 1493 | IX9: 495 | IY9: 703 | IZ9: =IX9+IY9 -> 1198 | JA9: 496 | JB9: 738 | JC9: =JA9+JB9 -> 1234 | JD9: 284 | JE9: 470 | JF9: =JD9+JE9 -> 754 | JG9: 243 | JH9: 424 | JI9: =JG9+JH9 -> 667 | JJ9: 203 | JK9: 290 | JL9: =JJ9+JK9 -> 493 | JM9: 146 | JN9: 279 | JO9: =JM9+JN9 -> 425 | JP9: 137 | JQ9: 262 | JR9: =JP9+JQ9 -> 399 | JS9: 95 | JT9: 174 | JU9: =JS9+JT9 -> 269 | JV9: 116 | JW9: 168 | JX9: =JV9+JW9 -> 284 | JY9: 59 | JZ9: 67 | KA9: =JY9+JZ9 -> 126 | KB9: 25 | KC9: 47 | KD9: =KB9+KC9 -> 72 | KE9: 23 | KF9: 54 | KG9: =KE9+KF9 -> 77 | KH9: 11 | KI9: 20 | KJ9: =KH9+KI9 -> 31 | KK9: 9 | KL9: 18 | KM9: =KK9+KL9 -> 27 | KN9: 5 | KO9: 18 | KP9: =KN9+KO9 -> 23 | KQ9: 9 | KR9: 7 | KS9: =KQ9+KR9 -> 16 | KT9: 3 | KU9: 10 | KV9: =KT9+KU9 -> 13 | KW9: 0 | KX9: 0 | KY9: =KW9+KX9 -> 0 | KZ9: 0 | LA9: 0 | LB9: =KZ9+LA9 -> 0 | LC9: 0 | LD9: 0 | LE9: =LC9+LD9 -> 0 | LF9: 0 | LG9: 0 | LH9: =LF9+LG9 -> 0 | LI9: 0 | LJ9: 0 | LK9: =LI9+LJ9 -> 0 | LL9: 0 | LM9: 0 | LN9: =LL9+LM9 -> 0 | LO9: 0 | LP9: 0 | LQ9: =LO9+LP9 -> 0 | LR9: 0 | LS9: 0 | LT9: =LR9+LS9 -> 0 | LU9: 0 | LV9: 0 | LW9: =LU9+LV9 -> 0 | LX9: 0 | LY9: 0 | LZ9: =LX9+LY9 -> 0 | MA9: 0 | MB9: 0 | MC9: =MA9+MB9 -> 0 | MD9: 0 | ME9: 0 | MF9: =MD9+ME9 -> 0 | MG9: 0 | MH9: 0 | MI9: =MG9+MH9 -> 0 | MJ9: 0 | MK9: 0 | ML9: =MJ9+MK9 -> 0 | MM9: 0 | MN9: 0 | MO9: =MM9+MN9 -> 0 | MP9: 0 | MQ9: 0 | MR9: =MP9+MQ9 -> 0 | MS9: 0 | MT9: 0 | MU9: =MS9+MT9 -> 0 | MV9: 0 | MW9: 0 | MX9: =MV9+MW9 -> 0 | MY9: 0 | MZ9: 0 | NA9: =MY9+MZ9 -> 0 | NB9: 0 | NC9: 0 | ND9: =NB9+NC9 -> 0 | NE9: =SUM(C9,F9,I9,L9,O9,R9,U9,X9,AA9,AD9,AG9,AJ9,AM9,AP9,AS9,AV9,AY9,BB9,BE9,BH9,BK9,BN9,BQ9,BT9,BW9,BZ9,CC9,CF9,CI9,CL9,CO9,CR9,CU9,CX9,DA9,DD9,DG9,DJ9,DM9,DP9,DS9,DV9,DY9,EB9,EE9,EH9,EK9,EN9,EQ9,ET9,EW9,EZ9,FC9,FF9,FI9,FL9,FO9,FR9,FU9,FX9,GA9,GD9,GG9,GJ9,GM9,GP9,GS9,GV9,GY9,HB9,HE9,HH9,HK9,HN9,HQ9,HT9,HW9,HZ9,IC9,IF9,II9,IL9,IO9,IR9,IU9,IX9,JA9,JD9,JG9,JJ9,JM9,JP9,JS9,JV9,JY9,KB9,KE9,KH9,KK9,KN9,KQ9,KT9,KW9,KZ9,LC9,LF9,LI9,LL9,LO9,LR9,LU9,LX9,MA9,MD9,MG9,MJ9,MM9,MP9,MS9,MV9,MY9,NB9) -> 1300822 | NF9: =SUM(D9,G9,J9,M9,P9,S9,V9,Y9,AB9,AE9,AH9,AK9,AN9,AQ9,AT9,AW9,AZ9,BC9,BF9,BI9,BL9,BO9,BR9,BU9,BX9,CA9,CD9,CG9,CJ9,CM9,CP9,CS9,CV9,CY9,DB9,DE9,DH9,DK9,DN9,DQ9,DT9,DW9,DZ9,EC9,EF9,EI9,EL9,EO9,ER9,EU9,EX9,FA9,FD9,FG9,FJ9,FM9,FP9,FS9,FV9,FY9,GB9,GE9,GH9,GK9,GN9,GQ9,GT9,GW9,GZ9,HC9,HF9,HI9,HL9,HO9,HR9,HU9,HX9,IA9,ID9,IG9,IJ9,IM9,IP9,IS9,IV9,IY9,JB9,JE9,JH9,JK9,JN9,JQ9,JT9,JW9,JZ9,KC9,KF9,KI9,KL9,KO9,KR9,KU9,KX9,LA9,LD9,LG9,LJ9,LM9,LP9,LS9,LV9,LY9,MB9,ME9,MH9,MK9,MN9,MQ9,MT9,MW9,MZ9,NC9) -> 1306426 | NG9: =SUM(NE9:NF9) -> 2607248 | NH9: =SUM(C9+F9+I9+L9+O9+R9) -> 100562 | NI9: =SUM(D9+G9+J9+M9+P9+S9) -> 94057 | NJ9: =SUM(NH9:NI9) -> 194619
A10: 327501 | B10: BEKASI TIMUR | C10: 1121 | D10: 1041 | E10: =C10+D10 -> 2162 | F10: 1470 | G10: 1311 | H10: =F10+G10 -> 2781 | I10: 1740 | J10: 1722 | K10: =I10+J10 -> 3462 | L10: 2046 | M10: 1917 | N10: =L10+M10 -> 3963 | O10: 2210 | P10: 2048 | Q10: =O10+P10 -> 4258 | R10: 2328 | S10: 2158 | T10: =R10+S10 -> 4486 | U10: 2553 | V10: 2359 | W10: =U10+V10 -> 4912 | X10: 2580 | Y10: 2450 | Z10: =X10+Y10 -> 5030 | AA10: 2427 | AB10: 2367 | AC10: =AA10+AB10 -> 4794 | AD10: 2510 | AE10: 2300 | AF10: =AD10+AE10 -> 4810 | AG10: 2554 | AH10: 2342 | AI10: =AG10+AH10 -> 4896 | AJ10: 2459 | AK10: 2200 | AL10: =AJ10+AK10 -> 4659 | AM10: 2358 | AN10: 2254 | AO10: =AM10+AN10 -> 4612 | AP10: 2401 | AQ10: 2244 | AR10: =AP10+AQ10 -> 4645 | AS10: 2406 | AT10: 2326 | AU10: =AS10+AT10 -> 4732 | AV10: 2294 | AW10: 2080 | AX10: =AV10+AW10 -> 4374 | AY10: 2191 | AZ10: 2083 | BA10: =AY10+AZ10 -> 4274 | BB10: 1947 | BC10: 1825 | BD10: =BB10+BC10 -> 3772 | BE10: 2135 | BF10: 1871 | BG10: =BE10+BF10 -> 4006 | BH10: 2000 | BI10: 2063 | BJ10: =BH10+BI10 -> 4063 | BK10: 1946 | BL10: 1891 | BM10: =BK10+BL10 -> 3837 | BN10: 1922 | BO10: 1880 | BP10: =BN10+BO10 -> 3802 | BQ10: 2017 | BR10: 1953 | BS10: =BQ10+BR10 -> 3970 | BT10: 2074 | BU10: 1953 | BV10: =BT10+BU10 -> 4027 | BW10: 2001 | BX10: 1910 | BY10: =BW10+BX10 -> 3911 | BZ10: 2076 | CA10: 2022 | CB10: =BZ10+CA10 -> 4098 | CC10: 2152 | CD10: 2094 | CE10: =CC10+CD10 -> 4246 | CF10: 1851 | CG10: 1896 | CH10: =CF10+CG10 -> 3747 | CI10: 2055 | CJ10: 2162 | CK10: =CI10+CJ10 -> 4217 | CL10: 2121 | CM10: 2095 | CN10: =CL10+CM10 -> 4216 | CO10: 2166 | CP10: 2225 | CQ10: =CO10+CP10 -> 4391 | CR10: 2217 | CS10: 2387 | CT10: =CR10+CS10 -> 4604 | CU10: 2184 | CV10: 2267 | CW10: =CU10+CV10 -> 4451 | CX10: 2237 | CY10: 2262 | CZ10: =CX10+CY10 -> 4499 | DA10: 2379 | DB10: 2431 | DC10: =DA10+DB10 -> 4810 | DD10: 2197 | DE10: 2345 | DF10: =DD10+DE10 -> 4542 | DG10: 2369 | DH10: 2485 | DI10: =DG10+DH10 -> 4854 | DJ10: 2223 | DK10: 2252 | DL10: =DJ10+DK10 -> 4475 | DM10: 2174 | DN10: 2088 | DO10: =DM10+DN10 -> 4262 | DP10: 2307 | DQ10: 2190 | DR10: =DP10+DQ10 -> 4497 | DS10: 2409 | DT10: 2275 | DU10: =DS10+DT10 -> 4684 | DV10: 2426 | DW10: 2330 | DX10: =DV10+DW10 -> 4756 | DY10: 2167 | DZ10: 2173 | EA10: =DY10+DZ10 -> 4340 | EB10: 2353 | EC10: 2511 | ED10: =EB10+EC10 -> 4864 | EE10: 2392 | EF10: 2363 | EG10: =EE10+EF10 -> 4755 | EH10: 2247 | EI10: 2259 | EJ10: =EH10+EI10 -> 4506 | EK10: 2130 | EL10: 2214 | EM10: =EK10+EL10 -> 4344 | EN10: 1964 | EO10: 1892 | EP10: =EN10+EO10 -> 3856 | EQ10: 1833 | ER10: 1841 | ES10: =EQ10+ER10 -> 3674 | ET10: 1746 | EU10: 1801 | EV10: =ET10+EU10 -> 3547 | EW10: 1744 | EX10: 1786 | EY10: =EW10+EX10 -> 3530 | EZ10: 1526 | FA10: 1650 | FB10: =EZ10+FA10 -> 3176 | FC10: 1509 | FD10: 1515 | FE10: =FC10+FD10 -> 3024 | FF10: 1480 | FG10: 1590 | FH10: =FF10+FG10 -> 3070 | FI10: 1362 | FJ10: 1451 | FK10: =FI10+FJ10 -> 2813 | FL10: 1293 | FM10: 1377 | FN10: =FL10+FM10 -> 2670 | FO10: 1366 | FP10: 1537 | FQ10: =FO10+FP10 -> 2903 | FR10: 1261 | FS10: 1480 | FT10: =FR10+FS10 -> 2741 | FU10: 1169 | FV10: 1438 | FW10: =FU10+FV10 -> 2607 | FX10: 993 | FY10: 1335 | FZ10: =FX10+FY10 -> 2328 | GA10: 1117 | GB10: 1474 | GC10: =GA10+GB10 -> 2591 | GD10: 1048 | GE10: 1499 | GF10: =GD10+GE10 -> 2547 | GG10: 991 | GH10: 1485 | GI10: =GG10+GH10 -> 2476 | GJ10: 1069 | GK10: 1484 | GL10: =GJ10+GK10 -> 2553 | GM10: 988 | GN10: 1413 | GO10: =GM10+GN10 -> 2401 | GP10: 971 | GQ10: 1363 | GR10: =GP10+GQ10 -> 2334 | GS10: 1037 | GT10: 1324 | GU10: =GS10+GT10 -> 2361 | GV10: 940 | GW10: 1235 | GX10: =GV10+GW10 -> 2175 | GY10: 995 | GZ10: 1119 | HA10: =GY10+GZ10 -> 2114 | HB10: 805 | HC10: 902 | HD10: =HB10+HC10 -> 1707 | HE10: 806 | HF10: 810 | HG10: =HE10+HF10 -> 1616 | HH10: 773 | HI10: 730 | HJ10: =HH10+HI10 -> 1503 | HK10: 710 | HL10: 624 | HM10: =HK10+HL10 -> 1334 | HN10: 684 | HO10: 486 | HP10: =HN10+HO10 -> 1170 | HQ10: 505 | HR10: 382 | HS10: =HQ10+HR10 -> 887 | HT10: 414 | HU10: 350 | HV10: =HT10+HU10 -> 764 | HW10: 301 | HX10: 321 | HY10: =HW10+HX10 -> 622 | HZ10: 272 | IA10: 261 | IB10: =HZ10+IA10 -> 533 | IC10: 213 | ID10: 165 | IE10: =IC10+ID10 -> 378 | IF10: 144 | IG10: 143 | IH10: =IF10+IG10 -> 287 | II10: 135 | IJ10: 145 | IK10: =II10+IJ10 -> 280 | IL10: 112 | IM10: 131 | IN10: =IL10+IM10 -> 243 | IO10: 93 | IP10: 89 | IQ10: =IO10+IP10 -> 182 | IR10: 86 | IS10: 100 | IT10: =IR10+IS10 -> 186 | IU10: 83 | IV10: 79 | IW10: =IU10+IV10 -> 162 | IX10: 47 | IY10: 57 | IZ10: =IX10+IY10 -> 104 | JA10: 53 | JB10: 68 | JC10: =JA10+JB10 -> 121 | JD10: 27 | JE10: 43 | JF10: =JD10+JE10 -> 70 | JG10: 13 | JH10: 55 | JI10: =JG10+JH10 -> 68 | JJ10: 11 | JK10: 31 | JL10: =JJ10+JK10 -> 42 | JM10: 16 | JN10: 29 | JO10: =JM10+JN10 -> 45 | JP10: 10 | JQ10: 24 | JR10: =JP10+JQ10 -> 34 | JS10: 11 | JT10: 20 | JU10: =JS10+JT10 -> 31 | JV10: 12 | JW10: 16 | JX10: =JV10+JW10 -> 28 | JY10: 4 | JZ10: 5 | KA10: =JY10+JZ10 -> 9 | KB10: 1 | KC10: 4 | KD10: =KB10+KC10 -> 5 | KE10: 2 | KF10: 2 | KG10: =KE10+KF10 -> 4 | KH10: 0 | KI10: 1 | KJ10: =KH10+KI10 -> 1 | KK10: 1 | KL10: 3 | KM10: =KK10+KL10 -> 4 | KN10: 1 | KO10: 1 | KP10: =KN10+KO10 -> 2 | KQ10: 0 | KR10: 0 | KS10: =KQ10+KR10 -> 0 | KT10: 1 | KU10: 1 | KV10: =KT10+KU10 -> 2 | KW10: 0 | KX10: 0 | KY10: =KW10+KX10 -> 0 | KZ10: 0 | LA10: 0 | LB10: =KZ10+LA10 -> 0 | LC10: 0 | LD10: 0 | LE10: =LC10+LD10 -> 0 | LF10: 0 | LG10: 0 | LH10: =LF10+LG10 -> 0 | LI10: 0 | LJ10: 0 | LK10: =LI10+LJ10 -> 0 | LL10: 0 | LM10: 0 | LN10: =LL10+LM10 -> 0 | LO10: 0 | LP10: 0 | LQ10: =LO10+LP10 -> 0 | LR10: 0 | LS10: 0 | LT10: =LR10+LS10 -> 0 | LU10: 0 | LV10: 0 | LW10: =LU10+LV10 -> 0 | LX10: 0 | LY10: 0 | LZ10: =LX10+LY10 -> 0 | MA10: 0 | MB10: 0 | MC10: =MA10+MB10 -> 0 | MD10: 0 | ME10: 0 | MF10: =MD10+ME10 -> 0 | MG10: 0 | MH10: 0 | MI10: =MG10+MH10 -> 0 | MJ10: 0 | MK10: 0 | ML10: =MJ10+MK10 -> 0 | MM10: 0 | MN10: 0 | MO10: =MM10+MN10 -> 0 | MP10: 0 | MQ10: 0 | MR10: =MP10+MQ10 -> 0 | MS10: 0 | MT10: 0 | MU10: =MS10+MT10 -> 0 | MV10: 0 | MW10: 0 | MX10: =MV10+MW10 -> 0 | MY10: 0 | MZ10: 0 | NA10: =MY10+MZ10 -> 0 | NB10: 0 | NC10: 0 | ND10: =NB10+NC10 -> 0 | NE10: =SUM(C10,F10,I10,L10,O10,R10,U10,X10,AA10,AD10,AG10,AJ10,AM10,AP10,AS10,AV10,AY10,BB10,BE10,BH10,BK10,BN10,BQ10,BT10,BW10,BZ10,CC10,CF10,CI10,CL10,CO10,CR10,CU10,CX10,DA10,DD10,DG10,DJ10,DM10,DP10,DS10,DV10,DY10,EB10,EE10,EH10,EK10,EN10,EQ10,ET10,EW10,EZ10,FC10,FF10,FI10,FL10,FO10,FR10,FU10,FX10,GA10,GD10,GG10,GJ10,GM10,GP10,GS10,GV10,GY10,HB10,HE10,HH10,HK10,HN10,HQ10,HT10,HW10,HZ10,IC10,IF10,II10,IL10,IO10,IR10,IU10,IX10,JA10,JD10,JG10,JJ10,JM10,JP10,JS10,JV10,JY10,KB10,KE10,KH10,KK10,KN10,KQ10,KT10,KW10,KZ10,LC10,LF10,LI10,LL10,LO10,LR10,LU10,LX10,MA10,MD10,MG10,MJ10,MM10,MP10,MS10,MV10,MY10) -> 137270 | NF10: =SUM(D10,G10,J10,M10,P10,S10,V10,Y10,AB10,AE10,AH10,AK10,AN10,AQ10,AT10,AW10,AZ10,BC10,BF10,BI10,BL10,BO10,BR10,BU10,BX10,CA10,CD10,CG10,CJ10,CM10,CP10,CS10,CV10,CY10,DB10,DE10,DH10,DK10,DN10,DQ10,DT10,DW10,DZ10,EC10,EF10,EI10,EL10,EO10,ER10,EU10,EX10,FA10,FD10,FG10,FJ10,FM10,FP10,FS10,FV10,FY10,GB10,GE10,GH10,GK10,GN10,GQ10,GT10,GW10,GZ10,HC10,HF10,HI10,HL10,HO10,HR10,HU10,HX10,IA10,ID10,IG10,IJ10,IM10,IP10,IS10,IV10,IY10,JB10,JE10,JH10,JK10,JN10,JQ10,JT10,JW10,JZ10,KC10,KF10,KI10,KL10,KO10,KR10,KU10,KX10,LA10,LD10,LG10,LJ10,LM10,LP10,LS10,LV10,LY10,MB10,ME10,MH10,MK10,MN10,MQ10,MT10,MW10,MZ10) -> 139041 | NG10: =SUM(NE10:NF10) -> 276311 | NH10: =SUM(C10+F10+I10+L10+O10+R10) -> 10915 | NI10: =SUM(D10+G10+J10+M10+P10+S10) -> 10197 | NJ10: =SUM(NH10:NI10) -> 21112
